<?xml version = '1.0' encoding = 'UTF-8'?>
<InheritanceRelation class="oracle.dbtools.crest.model.design.logical.InheritanceRelation" name="Hierarchy_2" directorySegmentName="seg_0" id="52226778-437B-7780-894D-C9BE52159579">
<createdBy>Ambiente</createdBy>
<createdTime>2023-02-27 22:04:00 UTC</createdTime>
<ownerDesignName>proyecto</ownerDesignName>
<engineerTo>
<item key="209A5F52-6DB6-EF23-351E-C4CC7B7E38DC" value="true"/>
</engineerTo>
<identifying>false</identifying>
<nameOnSource>Super Type</nameOnSource>
<nameOnTarget>Sub Type</nameOnTarget>
<optionalSource>true</optionalSource>
<optionalTarget>true</optionalTarget>
<sourceEntity>345D6907-DD68-1854-91E3-3AA70F65DD27</sourceEntity>
<targetEntity>8DB4FCE9-59EA-9832-3569-FD57D030A0DC</targetEntity>
<transferable>true</transferable>
<deleteRule>NO ACTION</deleteRule>
</InheritanceRelation>