<?xml version = '1.0' encoding = 'UTF-8'?>
<InheritanceRelation class="oracle.dbtools.crest.model.design.logical.InheritanceRelation" name="Hierarchy_3" directorySegmentName="seg_0" id="7240DD11-06D5-5696-02CE-145CBAF56753">
<createdBy>Ambiente</createdBy>
<createdTime>2023-02-27 22:04:39 UTC</createdTime>
<ownerDesignName>proyecto</ownerDesignName>
<engineerTo>
<item key="209A5F52-6DB6-EF23-351E-C4CC7B7E38DC" value="true"/>
</engineerTo>
<identifying>false</identifying>
<nameOnSource>Super Type</nameOnSource>
<nameOnTarget>Sub Type</nameOnTarget>
<optionalSource>true</optionalSource>
<optionalTarget>true</optionalTarget>
<sourceEntity>345D6907-DD68-1854-91E3-3AA70F65DD27</sourceEntity>
<targetEntity>9A26A9CB-5DAA-D1A3-2A51-6B565C5DCA21</targetEntity>
<transferable>true</transferable>
<deleteRule>NO ACTION</deleteRule>
</InheritanceRelation>