<?xml version = '1.0' encoding = 'UTF-8'?>
<FKArc class="oracle.dbtools.crest.model.design.relational.FKArc" directorySegmentName="seg_0" id="8C5CDA1C-B449-71BD-1445-965E5338A0D4" name="FKArc_1">
<createdBy>kelly</createdBy>
<createdTime>2023-03-28 08:15:02 UTC</createdTime>
<ownerDesignName>diagramalo</ownerDesignName>
<mandatory>false</mandatory>
<reverseArc>true</reverseArc>
<table>F4E38A79-ADB8-1F20-242B-6F3B224583F5</table>
<fkeys>
<fkeyID>68989E4A-C604-5E11-4151-8A8EA475F5E9</fkeyID>
<fkeyID>8764273E-870D-6D6A-70AC-E04B30C8BF74</fkeyID>
</fkeys>
</FKArc>