<?xml version = '1.0' encoding = 'UTF-8'?>
<Relation class="oracle.dbtools.crest.model.design.logical.Relation" name="HistorialEstante_Factura" directorySegmentName="seg_0" id="07DF6DBC-3621-2242-ADE4-E5DC1E25E0BD">
<createdBy>kelly</createdBy>
<createdTime>2023-03-28 08:30:44 UTC</createdTime>
<comment><![CDATA[la factura enviara al sistema los producto que fueron sacados del estante y guarada esto en el hostorial del estante ]]></comment>
<ownerDesignName>core</ownerDesignName>
<engineerTo>
<item key="209A5F52-6DB6-EF23-351E-C4CC7B7E38DC" value="true"/>
</engineerTo>
<sourcePk>9D930FD3-D30D-E364-8338-A81923F9AD8C</sourcePk>
<identifying>true</identifying>
<optionalSource>true</optionalSource>
<optionalTarget>false</optionalTarget>
<sourceCardinality>1</sourceCardinality>
<sourceEntity>84F5DFE5-06FB-76D4-425F-4EC4C1541978</sourceEntity>
<targetCardinalityString>*</targetCardinalityString>
<targetEntity>F1D611F3-4AFD-86B4-47CB-DFC79F464895</targetEntity>
<transferable>true</transferable>
<deleteRule>NO ACTION</deleteRule>
</Relation>