<?xml version = '1.0' encoding = 'UTF-8'?>
<Relation class="oracle.dbtools.crest.model.design.logical.Relation" name="Productos _proveedores " directorySegmentName="seg_0" id="0BE8426D-8925-A5EF-D08B-E97EBE4B9804">
<createdBy>Ambiente</createdBy>
<createdTime>2023-02-27 23:32:09 UTC</createdTime>
<comment><![CDATA[cada producto vendra de distintos o muchos proveedores]]></comment>
<ownerDesignName>azuldi</ownerDesignName>
<engineerTo>
<item key="209A5F52-6DB6-EF23-351E-C4CC7B7E38DC" value="true"/>
</engineerTo>
<sourcePk>99E87F43-8304-EA12-F5D1-73C5DD8341FC</sourcePk>
<identifying>false</identifying>
<optionalSource>true</optionalSource>
<optionalTarget>false</optionalTarget>
<sourceCardinality>1</sourceCardinality>
<sourceEntity>817026DA-3854-6D01-CC9F-7E1A04F031CB</sourceEntity>
<targetCardinalityString>*</targetCardinalityString>
<targetEntity>A5D4E982-B8C6-C5C3-6AB8-2117E44EC5BE</targetEntity>
<transferable>true</transferable>
<deleteRule>NO ACTION</deleteRule>
</Relation>