<?xml version = '1.0' encoding = 'UTF-8'?>
<Relation class="oracle.dbtools.crest.model.design.logical.Relation" name="FcturaProveedores_DetallesFacturaProveedores" directorySegmentName="seg_0" id="114BED51-C005-9DBC-A324-BA1A250A453C">
<createdBy>kelly</createdBy>
<createdTime>2023-04-11 00:59:41 UTC</createdTime>
<ownerDesignName>core</ownerDesignName>
<engineerTo>
<item key="209A5F52-6DB6-EF23-351E-C4CC7B7E38DC" value="true"/>
</engineerTo>
<sourcePk>0C57738E-F6A7-055D-6501-83E3E7B9BB69</sourcePk>
<identifying>true</identifying>
<optionalSource>true</optionalSource>
<optionalTarget>false</optionalTarget>
<sourceCardinality>1</sourceCardinality>
<sourceEntity>4F7C0631-45DB-446E-0A70-D378E7A90709</sourceEntity>
<targetCardinalityString>*</targetCardinalityString>
<targetEntity>7358D05D-F2CA-8CCF-DE06-FB1CAB4AADA1</targetEntity>
<transferable>true</transferable>
<deleteRule>NO ACTION</deleteRule>
</Relation>