<?xml version = '1.0' encoding = 'UTF-8'?>
<Relation class="oracle.dbtools.crest.model.design.logical.Relation" name="HistorialEstante_Estante" directorySegmentName="seg_0" id="2BBA7DE9-C691-ED35-0BFB-B678E1191EFE">
<createdBy>kelly</createdBy>
<createdTime>2023-03-28 08:30:54 UTC</createdTime>
<comment><![CDATA[cada estante tiene que tener un historial]]></comment>
<ownerDesignName>azuldi</ownerDesignName>
<engineerTo>
<item key="209A5F52-6DB6-EF23-351E-C4CC7B7E38DC" value="true"/>
</engineerTo>
<sourcePk>72D7C356-0D1A-FFFC-1F97-144292D46714</sourcePk>
<identifying>true</identifying>
<optionalSource>true</optionalSource>
<optionalTarget>false</optionalTarget>
<sourceCardinality>1</sourceCardinality>
<sourceEntity>65744072-5C43-265E-B18A-C0870F523D86</sourceEntity>
<targetCardinalityString>*</targetCardinalityString>
<targetEntity>F1D611F3-4AFD-86B4-47CB-DFC79F464895</targetEntity>
<transferable>true</transferable>
<deleteRule>NO ACTION</deleteRule>
</Relation>