<?xml version = '1.0' encoding = 'UTF-8'?>
<Relation class="oracle.dbtools.crest.model.design.logical.Relation" name="bodega _Stock " directorySegmentName="seg_0" id="448BBB5B-98B9-08A9-0622-0976125EF3A2">
<createdBy>Ambiente</createdBy>
<createdTime>2023-02-27 23:11:07 UTC</createdTime>
<comment><![CDATA[la bodega digitalozara las entradas de los productos y visualizara las salidas de este ]]></comment>
<ownerDesignName>core</ownerDesignName>
<engineerTo>
<item key="209A5F52-6DB6-EF23-351E-C4CC7B7E38DC" value="true"/>
</engineerTo>
<sourcePk>A0B530E2-8FF0-2090-5E28-73F3DAD794B3</sourcePk>
<targetPk>473C42C5-3D88-7D23-B295-3D3E48E0014C</targetPk>
<identifying>false</identifying>
<optionalSource>false</optionalSource>
<optionalTarget>true</optionalTarget>
<sourceCardinality>1</sourceCardinality>
<sourceEntity>3887F0D9-EBF0-9144-432D-9F6EFB5FFF99</sourceEntity>
<targetCardinalityString>1</targetCardinalityString>
<targetEntity>C23408B7-E598-0AD8-7506-AF7CCAD8B36D</targetEntity>
<transferable>true</transferable>
<deleteRule>NO ACTION</deleteRule>
</Relation>