<?xml version = '1.0' encoding = 'UTF-8'?>
<Relation class="oracle.dbtools.crest.model.design.logical.Relation" name="Inventario _Stock " directorySegmentName="seg_0" id="4672B355-BF92-569E-9A7B-592F44C03F03">
<createdBy>Ambiente</createdBy>
<createdTime>2023-02-27 23:20:45 UTC</createdTime>
<comment><![CDATA[el inventario se actualizara con cada salida o entrada de un stock]]></comment>
<ownerDesignName>core</ownerDesignName>
<engineerTo>
<item key="209A5F52-6DB6-EF23-351E-C4CC7B7E38DC" value="true"/>
</engineerTo>
<sourcePk>BB259E28-CA7B-AC1C-A846-9C60BD883034</sourcePk>
<targetPk>473C42C5-3D88-7D23-B295-3D3E48E0014C</targetPk>
<identifying>false</identifying>
<optionalSource>false</optionalSource>
<optionalTarget>true</optionalTarget>
<sourceCardinality>1</sourceCardinality>
<sourceEntity>86733597-862C-5F09-83DD-5DEE250CDD3D</sourceEntity>
<targetCardinalityString>1</targetCardinalityString>
<targetEntity>C23408B7-E598-0AD8-7506-AF7CCAD8B36D</targetEntity>
<transferable>true</transferable>
<deleteRule>NO ACTION</deleteRule>
</Relation>