<?xml version = '1.0' encoding = 'UTF-8'?>
<Relation class="oracle.dbtools.crest.model.design.logical.Relation" name="Pagoempleados_ Empleado " directorySegmentName="seg_0" id="6D66EF05-F1A1-729B-5BFA-BB94F68CF395">
<createdBy>kelly</createdBy>
<createdTime>2023-03-28 08:14:15 UTC</createdTime>
<comment><![CDATA[los empleados se les pagara por medio del banco ]]></comment>
<ownerDesignName>azuldi</ownerDesignName>
<engineerTo>
<item key="209A5F52-6DB6-EF23-351E-C4CC7B7E38DC" value="true"/>
</engineerTo>
<sourcePk>7433ED7C-A9D4-BE7A-7137-E611D4138662</sourcePk>
<identifying>false</identifying>
<optionalSource>false</optionalSource>
<optionalTarget>true</optionalTarget>
<sourceCardinality>1</sourceCardinality>
<sourceEntity>7A6ECA47-C32A-DE18-D873-FBE796789A23</sourceEntity>
<targetCardinalityString>*</targetCardinalityString>
<targetEntity>D1ED697B-8BAD-007D-A4CF-3B893E7FC010</targetEntity>
<transferable>true</transferable>
<deleteRule>NO ACTION</deleteRule>
</Relation>