<?xml version = '1.0' encoding = 'UTF-8'?>
<Relation class="oracle.dbtools.crest.model.design.logical.Relation" name="Empleado Factura FK" directorySegmentName="seg_0" id="88FDCB78-6B54-BF6F-6FEC-2182A60965EB">
<createdBy>Ambiente</createdBy>
<createdTime>2023-02-27 23:16:18 UTC</createdTime>
<ownerDesignName>core</ownerDesignName>
<engineerTo>
<item key="209A5F52-6DB6-EF23-351E-C4CC7B7E38DC" value="true"/>
</engineerTo>
<sourcePk>9D930FD3-D30D-E364-8338-A81923F9AD8C</sourcePk>
<identifying>false</identifying>
<optionalSource>true</optionalSource>
<optionalTarget>false</optionalTarget>
<sourceCardinality>1</sourceCardinality>
<sourceEntity>84F5DFE5-06FB-76D4-425F-4EC4C1541978</sourceEntity>
<targetCardinalityString>*</targetCardinalityString>
<targetEntity>7A6ECA47-C32A-DE18-D873-FBE796789A23</targetEntity>
<transferable>true</transferable>
<deleteRule>NO ACTION</deleteRule>
</Relation>