<?xml version = '1.0' encoding = 'UTF-8'?>
<Relation class="oracle.dbtools.crest.model.design.logical.Relation" name="Detallafactura _Factura" directorySegmentName="seg_0" id="98EE4E52-93B1-E67F-FD1C-FA5F0BB172D1">
<createdBy>Ambiente</createdBy>
<createdTime>2023-02-27 23:14:54 UTC</createdTime>
<comment><![CDATA[despues de completar el registro de producto y el modo de pago se generara la factura ]]></comment>
<ownerDesignName>core</ownerDesignName>
<engineerTo>
<item key="209A5F52-6DB6-EF23-351E-C4CC7B7E38DC" value="true"/>
</engineerTo>
<sourcePk>9D930FD3-D30D-E364-8338-A81923F9AD8C</sourcePk>
<identifying>true</identifying>
<optionalSource>true</optionalSource>
<optionalTarget>false</optionalTarget>
<sourceCardinality>1</sourceCardinality>
<sourceEntity>84F5DFE5-06FB-76D4-425F-4EC4C1541978</sourceEntity>
<targetCardinalityString>*</targetCardinalityString>
<targetEntity>50492369-604C-B082-CBBE-8614B502E5F5</targetEntity>
<transferable>true</transferable>
<deleteRule>NO ACTION</deleteRule>
</Relation>