<?xml version = '1.0' encoding = 'UTF-8'?>
<Relation class="oracle.dbtools.crest.model.design.logical.Relation" name="DatosContacEmple _Empleado " directorySegmentName="seg_0" id="B2982068-6D67-8FE2-FDF1-346A01CFADAC">
<createdBy>Ambiente</createdBy>
<createdTime>2023-02-27 23:16:41 UTC</createdTime>
<comment><![CDATA[cada empleado tiene que tener unos datos al igual que unos contactos ]]></comment>
<ownerDesignName>azuldi</ownerDesignName>
<engineerTo>
<item key="209A5F52-6DB6-EF23-351E-C4CC7B7E38DC" value="true"/>
</engineerTo>
<targetTransferable>false</targetTransferable>
<sourcePk>7433ED7C-A9D4-BE7A-7137-E611D4138662</sourcePk>
<identifying>true</identifying>
<optionalSource>true</optionalSource>
<optionalTarget>false</optionalTarget>
<sourceCardinality>1</sourceCardinality>
<sourceEntity>7A6ECA47-C32A-DE18-D873-FBE796789A23</sourceEntity>
<targetCardinalityString>1</targetCardinalityString>
<targetEntity>1E9D4733-7E5F-9A1C-9224-BFDB58670200</targetEntity>
<transferable>true</transferable>
<deleteRule>NO ACTION</deleteRule>
</Relation>