<?xml version = '1.0' encoding = 'UTF-8'?>
<Relation class="oracle.dbtools.crest.model.design.logical.Relation" name="Metodopago _Factura " directorySegmentName="seg_0" id="C2549902-CC27-F6F7-A12E-494C4FF5EBD3">
<createdBy>Ambiente</createdBy>
<createdTime>2023-02-27 23:15:19 UTC</createdTime>
<comment><![CDATA[antes de generara la factura se eligira un metodo de pago ya se efectivo o digital]]></comment>
<ownerDesignName>core</ownerDesignName>
<engineerTo>
<item key="209A5F52-6DB6-EF23-351E-C4CC7B7E38DC" value="true"/>
</engineerTo>
<sourcePk>9D930FD3-D30D-E364-8338-A81923F9AD8C</sourcePk>
<identifying>false</identifying>
<optionalSource>true</optionalSource>
<optionalTarget>false</optionalTarget>
<sourceCardinality>1</sourceCardinality>
<sourceEntity>84F5DFE5-06FB-76D4-425F-4EC4C1541978</sourceEntity>
<targetCardinalityString>*</targetCardinalityString>
<targetEntity>345D6907-DD68-1854-91E3-3AA70F65DD27</targetEntity>
<transferable>true</transferable>
<deleteRule>NO ACTION</deleteRule>
</Relation>