<?xml version = '1.0' encoding = 'UTF-8'?>
<Relation class="oracle.dbtools.crest.model.design.logical.Relation" name="Detallefactura _Productos " directorySegmentName="seg_0" id="CD894CB1-25A8-6D8C-C51B-8ED65FB59A94">
<createdBy>Ambiente</createdBy>
<createdTime>2023-02-27 23:15:05 UTC</createdTime>
<comment><![CDATA[se generar un detalle antes de la factura para poder eliminar o agregar productos ]]></comment>
<ownerDesignName>azuldi</ownerDesignName>
<engineerTo>
<item key="209A5F52-6DB6-EF23-351E-C4CC7B7E38DC" value="true"/>
</engineerTo>
<sourcePk>0AE61E45-BECA-4632-C7BA-3563AE64F890</sourcePk>
<identifying>true</identifying>
<optionalSource>true</optionalSource>
<optionalTarget>false</optionalTarget>
<sourceCardinality>1</sourceCardinality>
<sourceEntity>A5D4E982-B8C6-C5C3-6AB8-2117E44EC5BE</sourceEntity>
<targetCardinalityString>*</targetCardinalityString>
<targetEntity>50492369-604C-B082-CBBE-8614B502E5F5</targetEntity>
<transferable>true</transferable>
<deleteRule>NO ACTION</deleteRule>
</Relation>