<?xml version = '1.0' encoding = 'UTF-8'?>
<Relation class="oracle.dbtools.crest.model.design.logical.Relation" name="Factura _Cliente " directorySegmentName="seg_0" id="D3146009-0F4D-7FF5-2649-F62EDFBEE1B4">
<createdBy>Ambiente</createdBy>
<createdTime>2023-02-27 23:14:40 UTC</createdTime>
<comment><![CDATA[ los clientes se les generara un factura de sus productos  seleccionados]]></comment>
<ownerDesignName>azuldi</ownerDesignName>
<engineerTo>
<item key="209A5F52-6DB6-EF23-351E-C4CC7B7E38DC" value="true"/>
</engineerTo>
<sourcePk>488B0965-7942-F1AC-2D80-9603D29E8941</sourcePk>
<identifying>false</identifying>
<optionalSource>true</optionalSource>
<optionalTarget>false</optionalTarget>
<sourceCardinality>1</sourceCardinality>
<sourceEntity>4CDD1C41-0F59-CF5B-4B9E-88D8C1D675FF</sourceEntity>
<targetCardinalityString>*</targetCardinalityString>
<targetEntity>84F5DFE5-06FB-76D4-425F-4EC4C1541978</targetEntity>
<transferable>true</transferable>
<deleteRule>NO ACTION</deleteRule>
</Relation>