<?xml version = '1.0' encoding = 'UTF-8'?>
<Relation class="oracle.dbtools.crest.model.design.logical.Relation" name="Estante_Estanteria" directorySegmentName="seg_0" id="E2303D3B-D080-E41E-2026-D4882CEF8D77">
<createdBy>kelly</createdBy>
<createdTime>2023-03-28 08:31:05 UTC</createdTime>
<comment><![CDATA[cada estante tiene que tener su estanteria las cuales van a ir los productos ]]></comment>
<ownerDesignName>azuldi</ownerDesignName>
<engineerTo>
<item key="209A5F52-6DB6-EF23-351E-C4CC7B7E38DC" value="true"/>
</engineerTo>
<sourcePk>4C8FED42-FEAE-62EC-D3A2-8AFED876F9C6</sourcePk>
<identifying>true</identifying>
<optionalSource>true</optionalSource>
<optionalTarget>false</optionalTarget>
<sourceCardinality>1</sourceCardinality>
<sourceEntity>F570749C-CC2E-E1A8-8C66-DF74FFBE9944</sourceEntity>
<targetCardinalityString>*</targetCardinalityString>
<targetEntity>65744072-5C43-265E-B18A-C0870F523D86</targetEntity>
<transferable>true</transferable>
<deleteRule>NO ACTION</deleteRule>
</Relation>