<?xml version = '1.0' encoding = 'UTF-8'?>
<Relation class="oracle.dbtools.crest.model.design.logical.Relation" name="FacturaProveedores _Proveedores" directorySegmentName="seg_0" id="F34DE118-B669-09BB-4FA4-C0261C6EB049">
<createdBy>Ambiente</createdBy>
<createdTime>2023-02-27 23:32:19 UTC</createdTime>
<comment><![CDATA[la factura se generaran despues de una comprar a un proveedor ]]></comment>
<ownerDesignName>azuldi</ownerDesignName>
<engineerTo>
<item key="209A5F52-6DB6-EF23-351E-C4CC7B7E38DC" value="true"/>
</engineerTo>
<sourcePk>99E87F43-8304-EA12-F5D1-73C5DD8341FC</sourcePk>
<identifying>false</identifying>
<optionalSource>true</optionalSource>
<optionalTarget>false</optionalTarget>
<sourceCardinality>1</sourceCardinality>
<sourceEntity>817026DA-3854-6D01-CC9F-7E1A04F031CB</sourceEntity>
<targetCardinalityString>*</targetCardinalityString>
<targetEntity>7358D05D-F2CA-8CCF-DE06-FB1CAB4AADA1</targetEntity>
<transferable>true</transferable>
<deleteRule>NO ACTION</deleteRule>
</Relation>