<?xml version = '1.0' encoding = 'UTF-8'?>
<Relation class="oracle.dbtools.crest.model.design.logical.Relation" name="DetalleFacturaProveedores_Productos" directorySegmentName="seg_0" id="F4A07DDD-C710-1784-F238-B9121844AF77">
<createdBy>kelly</createdBy>
<createdTime>2023-04-11 00:58:02 UTC</createdTime>
<ownerDesignName>core</ownerDesignName>
<engineerTo>
<item key="209A5F52-6DB6-EF23-351E-C4CC7B7E38DC" value="true"/>
</engineerTo>
<sourcePk>0AE61E45-BECA-4632-C7BA-3563AE64F890</sourcePk>
<identifying>true</identifying>
<optionalSource>true</optionalSource>
<optionalTarget>false</optionalTarget>
<sourceCardinality>1</sourceCardinality>
<sourceEntity>A5D4E982-B8C6-C5C3-6AB8-2117E44EC5BE</sourceEntity>
<targetCardinalityString>*</targetCardinalityString>
<targetEntity>4F7C0631-45DB-446E-0A70-D378E7A90709</targetEntity>
<transferable>true</transferable>
<deleteRule>NO ACTION</deleteRule>
</Relation>