<?xml version = '1.0' encoding = 'UTF-8'?>
<Relation class="oracle.dbtools.crest.model.design.logical.Relation" name="Productos _Inventario" directorySegmentName="seg_0" id="FEB6B00C-75AF-4E6A-6D85-65B905DB9DED">
<createdBy>Ambiente</createdBy>
<createdTime>2023-02-27 23:28:39 UTC</createdTime>
<comment><![CDATA[el inventario almacenara las categorias y la cantidad de cada producto ]]></comment>
<ownerDesignName>azuldi</ownerDesignName>
<engineerTo>
<item key="209A5F52-6DB6-EF23-351E-C4CC7B7E38DC" value="true"/>
</engineerTo>
<sourcePk>BB259E28-CA7B-AC1C-A846-9C60BD883034</sourcePk>
<identifying>true</identifying>
<optionalSource>true</optionalSource>
<optionalTarget>false</optionalTarget>
<sourceCardinality>1</sourceCardinality>
<sourceEntity>86733597-862C-5F09-83DD-5DEE250CDD3D</sourceEntity>
<targetCardinalityString>*</targetCardinalityString>
<targetEntity>A5D4E982-B8C6-C5C3-6AB8-2117E44EC5BE</targetEntity>
<transferable>true</transferable>
<deleteRule>NO ACTION</deleteRule>
</Relation>