<?xml version = '1.0' encoding = 'UTF-8'?>
<Table class="oracle.dbtools.crest.model.design.relational.Table" directorySegmentName="seg_0" id="0D8912D8-0A39-7C92-3217-B1FCF7B151F8" name="DetalleFacturaProveedores">
<createdBy>kelly</createdBy>
<createdTime>2023-04-11 01:05:10 UTC</createdTime>
<generatorID>4F7C0631-45DB-446E-0A70-D378E7A90709</generatorID>
<ownerDesignName>core</ownerDesignName>
<allowColumnReorder>false</allowColumnReorder>
<existDependencyGenerateInDDl>true</existDependencyGenerateInDDl>
<parsed>true</parsed>
<columns itemClass="oracle.dbtools.crest.model.design.relational.Column">
<Column name="detalleId" id="7D1067DA-3E7C-AFA8-05A4-8E55E4512B7C">
<createdBy>kelly</createdBy>
<createdTime>2023-04-11 01:05:10 UTC</createdTime>
<generatorID>ED452572-57D9-23E4-7D1C-F60B88B2A113</generatorID>
<ownerDesignName>core</ownerDesignName>
<useDomainConstraints>false</useDomainConstraints>
<use>1</use>
<logicalDatatype>LOGDT025</logicalDatatype>
<dataTypeSize>10</dataTypeSize>
<ownDataTypeParameters>10,,</ownDataTypeParameters>
<autoIncrementCycle>false</autoIncrementCycle>
</Column>
<Column name="producto" id="658A65D2-21D5-3AD1-4383-E64832CAF4D8">
<createdBy>kelly</createdBy>
<createdTime>2023-04-11 01:05:10 UTC</createdTime>
<commentInRDBMS><![CDATA[productos selecionados]]></commentInRDBMS>
<generatorID>D9B2E68D-0A24-BE07-0A07-F7AB9BD80839</generatorID>
<ownerDesignName>core</ownerDesignName>
<useDomainConstraints>false</useDomainConstraints>
<use>1</use>
<logicalDatatype>LOGDT025</logicalDatatype>
<dataTypeSize>50</dataTypeSize>
<ownDataTypeParameters>50,,</ownDataTypeParameters>
<autoIncrementCycle>false</autoIncrementCycle>
</Column>
<Column name="Productos_ProductoId" id="6F70F709-F3AF-B1BA-7A9A-E5DF5BC0B3E0">
<createdBy>kelly</createdBy>
<createdTime>2023-04-11 01:05:10 UTC</createdTime>
<commentInRDBMS><![CDATA[id del producto]]></commentInRDBMS>
<generatorID>49D083E5-B9EC-6F22-3C04-A43D3E2FEAA0</generatorID>
<ownerDesignName>core</ownerDesignName>
<useDomainConstraints>false</useDomainConstraints>
<use>1</use>
<logicalDatatype>LOGDT037</logicalDatatype>
<dataTypeSize>32 CHAR</dataTypeSize>
<ownDataTypeParameters>,,</ownDataTypeParameters>
<previousColumn>false</previousColumn>
<autoIncrementCycle>false</autoIncrementCycle>
<associations>
<colAssociation fkAssociation="0FA1CAD1-0B60-B3BC-8932-31A4BB8AD4DA" referredColumn="5A77910E-D9F7-8BA3-86A3-77604495FECC"/>
</associations>
</Column>
<Column name="Productos_Inventario_ProductoId" id="A70EC104-4281-DA9C-4311-5753D8E111D6">
<createdBy>kelly</createdBy>
<createdTime>2023-04-11 01:05:10 UTC</createdTime>
<generatorID>53974095-5625-7636-BFBD-5F6A37864D5F</generatorID>
<ownerDesignName>core</ownerDesignName>
<useDomainConstraints>false</useDomainConstraints>
<use>1</use>
<logicalDatatype>LOGDT025</logicalDatatype>
<dataTypeSize>30</dataTypeSize>
<ownDataTypeParameters>,,</ownDataTypeParameters>
<previousColumn>false</previousColumn>
<autoIncrementCycle>false</autoIncrementCycle>
<associations>
<colAssociation fkAssociation="0FA1CAD1-0B60-B3BC-8932-31A4BB8AD4DA" referredColumn="153099B9-2DA3-83B7-860C-E7DF72DF5406"/>
</associations>
</Column>
<Column name="cantidad" id="A0F6BFC3-3DAB-D588-F223-D47E56954565">
<createdBy>kelly</createdBy>
<createdTime>2023-04-11 01:05:10 UTC</createdTime>
<commentInRDBMS><![CDATA[cantidad del producto]]></commentInRDBMS>
<generatorID>A0A8ACF5-89E6-8CC4-1174-A03DA6DDB310</generatorID>
<ownerDesignName>core</ownerDesignName>
<useDomainConstraints>false</useDomainConstraints>
<use>1</use>
<logicalDatatype>LOGDT025</logicalDatatype>
<dataTypeSize>100000</dataTypeSize>
<ownDataTypeParameters>100000,,</ownDataTypeParameters>
<autoIncrementCycle>false</autoIncrementCycle>
</Column>
</columns>
<indexes itemClass="oracle.dbtools.crest.model.design.relational.Index">
<ind_PK_UK id="EF0B78C1-C691-4B4D-C792-DB23E0E86E75" name="DetalleFacturaProveedores_PK">
<createdBy>kelly</createdBy>
<createdTime>2023-04-11 01:05:10 UTC</createdTime>
<generatorID>0C57738E-F6A7-055D-6501-83E3E7B9BB69</generatorID>
<ownerDesignName>core</ownerDesignName>
<pk>true</pk>
<indexState>Primary Constraint</indexState>
<isSurrogateKey>false</isSurrogateKey>
<indexColumnUsage>
<colUsage columnID="6F70F709-F3AF-B1BA-7A9A-E5DF5BC0B3E0"/>
<colUsage columnID="A70EC104-4281-DA9C-4311-5753D8E111D6"/>
</indexColumnUsage>
</ind_PK_UK>
<ind_PK_UK id="2C8D42A4-B547-B67E-DFE7-02517044EF9E" name="DetalleFacturaProveedores_Productos_FK">
<createdBy>kelly</createdBy>
<createdTime>2023-04-11 01:05:10 UTC</createdTime>
<generatorID>F4A07DDD-C710-1784-F238-B9121844AF77</generatorID>
<ownerDesignName>core</ownerDesignName>
<indexState>Foreign Key</indexState>
<isSurrogateKey>false</isSurrogateKey>
<indexColumnUsage>
<colUsage columnID="6F70F709-F3AF-B1BA-7A9A-E5DF5BC0B3E0"/>
<colUsage columnID="A70EC104-4281-DA9C-4311-5753D8E111D6"/>
</indexColumnUsage>
</ind_PK_UK>
</indexes>
</Table>