<?xml version = '1.0' encoding = 'UTF-8'?>
<Table class="oracle.dbtools.crest.model.design.relational.Table" directorySegmentName="seg_0" id="37E79240-450A-35D7-DA64-19CCAFB83A1E" name="FacturaProveedores">
<createdBy>kelly</createdBy>
<createdTime>2023-03-28 08:15:02 UTC</createdTime>
<generatorID>7358D05D-F2CA-8CCF-DE06-FB1CAB4AADA1</generatorID>
<ownerDesignName>core</ownerDesignName>
<allowColumnReorder>false</allowColumnReorder>
<existDependencyGenerateInDDl>true</existDependencyGenerateInDDl>
<parsed>true</parsed>
<columns itemClass="oracle.dbtools.crest.model.design.relational.Column">
<Column name="FactiraId" id="8631C2D9-F85D-2971-D4CC-A4C23CC2F993">
<createdBy>kelly</createdBy>
<createdTime>2023-03-28 08:15:02 UTC</createdTime>
<commentInRDBMS><![CDATA[id de factura]]></commentInRDBMS>
<generatorID>089FBF6C-9C79-3365-7852-A843FD26D5EB</generatorID>
<ownerDesignName>core</ownerDesignName>
<useDomainConstraints>false</useDomainConstraints>
<use>1</use>
<logicalDatatype>LOGDT037</logicalDatatype>
<dataTypeSize>30 CHAR</dataTypeSize>
<ownDataTypeParameters>30 CHAR,,</ownDataTypeParameters>
<autoIncrementCycle>false</autoIncrementCycle>
</Column>
<Column name="N°_Factura" id="985C4F09-E2FE-483E-B81D-5546EAF361FA">
<createdBy>kelly</createdBy>
<createdTime>2023-03-28 08:15:02 UTC</createdTime>
<commentInRDBMS><![CDATA[numero de factura]]></commentInRDBMS>
<generatorID>C524D1FD-0305-4E5E-71C4-2BFD9E6A25D1</generatorID>
<ownerDesignName>core</ownerDesignName>
<useDomainConstraints>false</useDomainConstraints>
<use>1</use>
<logicalDatatype>LOGDT037</logicalDatatype>
<dataTypeSize>30 CHAR</dataTypeSize>
<ownDataTypeParameters>30 CHAR,,</ownDataTypeParameters>
<autoIncrementCycle>false</autoIncrementCycle>
</Column>
<Column name="ProveedorId" id="27C71113-A366-C37A-29CB-167A1FC1CB3A">
<createdBy>kelly</createdBy>
<createdTime>2023-03-28 08:15:02 UTC</createdTime>
<commentInRDBMS><![CDATA[id de proveedor]]></commentInRDBMS>
<generatorID>B091D9AD-D82B-CA02-4318-B06EC7B8DDF9</generatorID>
<ownerDesignName>core</ownerDesignName>
<useDomainConstraints>false</useDomainConstraints>
<use>1</use>
<logicalDatatype>LOGDT037</logicalDatatype>
<dataTypeSize>30 CHAR</dataTypeSize>
<ownDataTypeParameters>30 CHAR,,</ownDataTypeParameters>
<autoIncrementCycle>false</autoIncrementCycle>
</Column>
<Column name="Fecha_de_generación" id="123C2436-31C6-B551-CA7C-386D1C1EF983">
<createdBy>kelly</createdBy>
<createdTime>2023-03-28 08:15:02 UTC</createdTime>
<commentInRDBMS><![CDATA[fecha de generacon de factura]]></commentInRDBMS>
<generatorID>E08A411C-50F4-C924-37E0-F34C316AF82D</generatorID>
<ownerDesignName>core</ownerDesignName>
<useDomainConstraints>false</useDomainConstraints>
<use>1</use>
<logicalDatatype>LOGDT007</logicalDatatype>
<ownDataTypeParameters>,,</ownDataTypeParameters>
<autoIncrementCycle>false</autoIncrementCycle>
</Column>
<Column name="Fecha_de_expedición" id="0F94B91E-87E1-5C34-555E-A057226F6022">
<createdBy>kelly</createdBy>
<createdTime>2023-03-28 08:15:02 UTC</createdTime>
<commentInRDBMS><![CDATA[fecha de expedicion de factura]]></commentInRDBMS>
<generatorID>A231763B-BAE7-D09B-0D2E-E7807B9713AE</generatorID>
<ownerDesignName>core</ownerDesignName>
<useDomainConstraints>false</useDomainConstraints>
<use>1</use>
<logicalDatatype>LOGDT007</logicalDatatype>
<ownDataTypeParameters>,,</ownDataTypeParameters>
<autoIncrementCycle>false</autoIncrementCycle>
</Column>
<Column name="Fecha_de_vencimiento" id="FD4F1CEA-1455-DDF9-399D-E3CBEB44C9A3">
<createdBy>kelly</createdBy>
<createdTime>2023-03-28 08:15:02 UTC</createdTime>
<commentInRDBMS><![CDATA[fecha de vencimiento de la factura]]></commentInRDBMS>
<generatorID>E99A9951-C3C7-62D8-38B3-4A5250AC154D</generatorID>
<ownerDesignName>core</ownerDesignName>
<useDomainConstraints>false</useDomainConstraints>
<use>1</use>
<logicalDatatype>LOGDT007</logicalDatatype>
<ownDataTypeParameters>,,</ownDataTypeParameters>
<autoIncrementCycle>false</autoIncrementCycle>
</Column>
<Column name="Total_bruto" id="767449EC-E728-E7A6-CCF8-0BA615DE32B4">
<createdBy>kelly</createdBy>
<createdTime>2023-03-28 08:15:02 UTC</createdTime>
<commentInRDBMS><![CDATA[total bruto de factura]]></commentInRDBMS>
<generatorID>652649FD-2127-E178-5564-9D061CEC2D00</generatorID>
<ownerDesignName>core</ownerDesignName>
<useDomainConstraints>false</useDomainConstraints>
<use>1</use>
<logicalDatatype>LOGDT037</logicalDatatype>
<dataTypeSize>30 CHAR</dataTypeSize>
<ownDataTypeParameters>30 CHAR,,</ownDataTypeParameters>
<autoIncrementCycle>false</autoIncrementCycle>
</Column>
<Column name="Total_iva" id="2B4C0B34-C5F0-8B71-7B34-2EFA4AA371F0">
<createdBy>kelly</createdBy>
<createdTime>2023-03-28 08:15:02 UTC</createdTime>
<commentInRDBMS><![CDATA[total iva de factura]]></commentInRDBMS>
<generatorID>A4DD1D8D-89D5-BEF0-6C1A-7E0C1410AD4A</generatorID>
<ownerDesignName>core</ownerDesignName>
<useDomainConstraints>false</useDomainConstraints>
<use>1</use>
<logicalDatatype>LOGDT037</logicalDatatype>
<dataTypeSize>30 CHAR</dataTypeSize>
<ownDataTypeParameters>30 CHAR,,</ownDataTypeParameters>
<autoIncrementCycle>false</autoIncrementCycle>
</Column>
<Column name="Total_retefuente" id="8D755826-482F-D3B3-8166-283EBDFA7471">
<createdBy>kelly</createdBy>
<createdTime>2023-03-28 08:15:02 UTC</createdTime>
<commentInRDBMS><![CDATA[total retefuente de factura]]></commentInRDBMS>
<generatorID>9ED4A168-4158-2AD7-D390-6C274491528E</generatorID>
<ownerDesignName>core</ownerDesignName>
<useDomainConstraints>false</useDomainConstraints>
<use>1</use>
<logicalDatatype>LOGDT037</logicalDatatype>
<dataTypeSize>30 CHAR</dataTypeSize>
<ownDataTypeParameters>30 CHAR,,</ownDataTypeParameters>
<autoIncrementCycle>false</autoIncrementCycle>
</Column>
<Column name="Total_pago" id="7E2E8C9E-290A-426A-DF49-A75655A868A8">
<createdBy>kelly</createdBy>
<createdTime>2023-03-28 08:15:02 UTC</createdTime>
<commentInRDBMS><![CDATA[total pag de factura]]></commentInRDBMS>
<generatorID>0CC82E59-1FC4-46B3-163D-90FA646C519D</generatorID>
<ownerDesignName>core</ownerDesignName>
<useDomainConstraints>false</useDomainConstraints>
<use>1</use>
<logicalDatatype>LOGDT037</logicalDatatype>
<dataTypeSize>30 CHAR</dataTypeSize>
<ownDataTypeParameters>30 CHAR,,</ownDataTypeParameters>
<autoIncrementCycle>false</autoIncrementCycle>
</Column>
<Column name="Proveedores_Id_proveedores" id="4F9B70CA-4C73-775F-BE89-A711580DA375">
<createdBy>kelly</createdBy>
<createdTime>2023-03-28 08:15:02 UTC</createdTime>
<generatorID>55C39A2A-4451-8CE6-1680-C52C9CAE3623</generatorID>
<ownerDesignName>core</ownerDesignName>
<useDomainConstraints>false</useDomainConstraints>
<use>1</use>
<logicalDatatype>LOGDT037</logicalDatatype>
<dataTypeSize>32 CHAR</dataTypeSize>
<ownDataTypeParameters>32 CHAR,,</ownDataTypeParameters>
<previousColumn>false</previousColumn>
<autoIncrementCycle>false</autoIncrementCycle>
<associations>
<colAssociation fkAssociation="47D3F4C3-15C6-C4D5-20B2-B10234CE7E70" referredColumn="C1D9A273-920B-D31C-5963-CFE83AE3FFC6"/>
</associations>
</Column>
<Column name="Productos_ProductoId" id="1D6E4731-E976-625A-06EB-6DE1BB50E81D">
<createdBy>kelly</createdBy>
<createdTime>2023-03-28 08:15:02 UTC</createdTime>
<generatorID>11D00A18-C590-006E-1FAC-1BB7B619F253</generatorID>
<ownerDesignName>core</ownerDesignName>
<useDomainConstraints>false</useDomainConstraints>
<use>1</use>
<logicalDatatype>LOGDT037</logicalDatatype>
<dataTypeSize>32 CHAR</dataTypeSize>
<ownDataTypeParameters>32 CHAR,,</ownDataTypeParameters>
<previousColumn>false</previousColumn>
<autoIncrementCycle>false</autoIncrementCycle>
<associations>
<colAssociation fkAssociation="E4B40D2D-CEDC-6E1F-610E-0BF04D2E9E98" referredColumn="5A77910E-D9F7-8BA3-86A3-77604495FECC"/>
</associations>
</Column>
<Column name="Productos_Inventario_ProductoId" id="46C53205-0968-FD0E-A504-81E2BC4DBF1E">
<createdBy>kelly</createdBy>
<createdTime>2023-03-28 08:15:02 UTC</createdTime>
<generatorID>52D4A423-EC5B-74D0-304A-9F9B135E34C2</generatorID>
<ownerDesignName>core</ownerDesignName>
<useDomainConstraints>false</useDomainConstraints>
<use>1</use>
<logicalDatatype>LOGDT025</logicalDatatype>
<dataTypeSize>30</dataTypeSize>
<ownDataTypeParameters>30,,</ownDataTypeParameters>
<previousColumn>false</previousColumn>
<autoIncrementCycle>false</autoIncrementCycle>
<associations>
<colAssociation fkAssociation="E4B40D2D-CEDC-6E1F-610E-0BF04D2E9E98" referredColumn="153099B9-2DA3-83B7-860C-E7DF72DF5406"/>
</associations>
</Column>
<Column name="DetalleFacturaProveedores_Productos_ProductoId" id="0DEB55C3-0778-54A2-D21E-3E097BFE7643">
<createdBy>kelly</createdBy>
<createdTime>2023-04-11 01:05:10 UTC</createdTime>
<generatorID>E8F83335-872F-CFA6-7CA7-1081B9DEEA8F</generatorID>
<ownerDesignName>core</ownerDesignName>
<useDomainConstraints>false</useDomainConstraints>
<use>1</use>
<logicalDatatype>LOGDT037</logicalDatatype>
<dataTypeSize>32 CHAR</dataTypeSize>
<ownDataTypeParameters>,,</ownDataTypeParameters>
<previousColumn>false</previousColumn>
<autoIncrementCycle>false</autoIncrementCycle>
<associations>
<colAssociation fkAssociation="06069273-E751-7363-54D8-0866BA3916E5" referredColumn="6F70F709-F3AF-B1BA-7A9A-E5DF5BC0B3E0"/>
</associations>
</Column>
<Column name="DetalleFacturaProveedores_Productos_Inventario_ProductoId" id="13164409-7A27-02A4-5BC2-44DD41E29F73">
<createdBy>kelly</createdBy>
<createdTime>2023-04-11 01:05:10 UTC</createdTime>
<generatorID>5001C66B-2033-D69A-B4A1-A19DDCE230C8</generatorID>
<ownerDesignName>core</ownerDesignName>
<useDomainConstraints>false</useDomainConstraints>
<use>1</use>
<logicalDatatype>LOGDT025</logicalDatatype>
<dataTypeSize>30</dataTypeSize>
<ownDataTypeParameters>,,</ownDataTypeParameters>
<previousColumn>false</previousColumn>
<autoIncrementCycle>false</autoIncrementCycle>
<associations>
<colAssociation fkAssociation="06069273-E751-7363-54D8-0866BA3916E5" referredColumn="A70EC104-4281-DA9C-4311-5753D8E111D6"/>
</associations>
</Column>
</columns>
<indexes itemClass="oracle.dbtools.crest.model.design.relational.Index">
<ind_PK_UK id="79EEF667-9A47-EB05-5385-EB0579377814" name="Factura_Proveedores_PK">
<createdBy>kelly</createdBy>
<createdTime>2023-03-28 08:15:02 UTC</createdTime>
<generatorID>BFA41467-30BE-9577-56CB-A8D59F2712FD</generatorID>
<ownerDesignName>core</ownerDesignName>
<pk>true</pk>
<indexState>Primary Constraint</indexState>
<isSurrogateKey>false</isSurrogateKey>
<indexColumnUsage>
<colUsage columnID="8631C2D9-F85D-2971-D4CC-A4C23CC2F993"/>
<colUsage columnID="27C71113-A366-C37A-29CB-167A1FC1CB3A"/>
<colUsage columnID="1D6E4731-E976-625A-06EB-6DE1BB50E81D"/>
<colUsage columnID="46C53205-0968-FD0E-A504-81E2BC4DBF1E"/>
</indexColumnUsage>
</ind_PK_UK>
<ind_PK_UK id="DDB47E53-C8B0-87A7-406F-869FB5ADADF4" name="FacturaProveedores_Proveedores_FK">
<createdBy>kelly</createdBy>
<createdTime>2023-03-28 08:15:02 UTC</createdTime>
<generatorID>F34DE118-B669-09BB-4FA4-C0261C6EB049</generatorID>
<ownerDesignName>core</ownerDesignName>
<indexState>Foreign Key</indexState>
<isSurrogateKey>false</isSurrogateKey>
<indexColumnUsage>
<colUsage columnID="4F9B70CA-4C73-775F-BE89-A711580DA375"/>
</indexColumnUsage>
</ind_PK_UK>
<ind_PK_UK id="F7378CE2-0E2E-BDD9-EC56-BC49EEC0BC36" name="Factura_Proveedores_Productos_FK">
<createdBy>kelly</createdBy>
<createdTime>2023-03-28 08:15:02 UTC</createdTime>
<generatorID>39D0BE0E-378F-E74F-A77B-CE428772665B</generatorID>
<ownerDesignName>core</ownerDesignName>
<indexState>Foreign Key</indexState>
<isSurrogateKey>false</isSurrogateKey>
<indexColumnUsage>
<colUsage columnID="1D6E4731-E976-625A-06EB-6DE1BB50E81D"/>
<colUsage columnID="46C53205-0968-FD0E-A504-81E2BC4DBF1E"/>
</indexColumnUsage>
</ind_PK_UK>
<ind_PK_UK id="E1B10329-5B71-61BF-753A-D37003C3CA11" name="FacturaProveedores_DetalleFacturaProveedores_FK">
<createdBy>kelly</createdBy>
<createdTime>2023-04-11 01:05:10 UTC</createdTime>
<generatorID>114BED51-C005-9DBC-A324-BA1A250A453C</generatorID>
<ownerDesignName>core</ownerDesignName>
<indexState>Foreign Key</indexState>
<isSurrogateKey>false</isSurrogateKey>
<indexColumnUsage>
<colUsage columnID="0DEB55C3-0778-54A2-D21E-3E097BFE7643"/>
<colUsage columnID="13164409-7A27-02A4-5BC2-44DD41E29F73"/>
</indexColumnUsage>
</ind_PK_UK>
</indexes>
</Table>