<?xml version = '1.0' encoding = 'UTF-8'?>
<Table class="oracle.dbtools.crest.model.design.relational.Table" directorySegmentName="seg_0" id="52B2EF78-FC7C-D5A5-401B-6A3FB25ED993" name="Inventario">
<createdBy>kelly</createdBy>
<createdTime>2023-03-28 08:15:02 UTC</createdTime>
<generatorID>86733597-862C-5F09-83DD-5DEE250CDD3D</generatorID>
<ownerDesignName>core</ownerDesignName>
<allowColumnReorder>false</allowColumnReorder>
<existDependencyGenerateInDDl>true</existDependencyGenerateInDDl>
<parsed>true</parsed>
<columns itemClass="oracle.dbtools.crest.model.design.relational.Column">
<Column name="ProductoId" id="C0F72CBF-8EB2-0FF8-24B5-A93F394ADC95">
<createdBy>kelly</createdBy>
<createdTime>2023-03-28 08:15:02 UTC</createdTime>
<commentInRDBMS><![CDATA[id producto]]></commentInRDBMS>
<generatorID>25089821-06D0-17EA-CF80-1D74799152B6</generatorID>
<ownerDesignName>core</ownerDesignName>
<useDomainConstraints>false</useDomainConstraints>
<use>1</use>
<logicalDatatype>LOGDT025</logicalDatatype>
<dataTypeSize>30</dataTypeSize>
<ownDataTypeParameters>30,,</ownDataTypeParameters>
<autoIncrementCycle>false</autoIncrementCycle>
</Column>
<Column name="NombreProducto" id="DF66481F-69F6-BDB3-8638-145215D66F27">
<createdBy>kelly</createdBy>
<createdTime>2023-03-28 08:15:02 UTC</createdTime>
<commentInRDBMS><![CDATA[nombre del producto]]></commentInRDBMS>
<generatorID>7447D3E9-AA09-C01B-DFB1-3B066D6F60C4</generatorID>
<ownerDesignName>core</ownerDesignName>
<nullsAllowed>true</nullsAllowed>
<useDomainConstraints>false</useDomainConstraints>
<use>1</use>
<logicalDatatype>LOGDT025</logicalDatatype>
<dataTypeSize>30</dataTypeSize>
<ownDataTypeParameters>30,,</ownDataTypeParameters>
<autoIncrementCycle>false</autoIncrementCycle>
</Column>
<Column name="PrecioProducto" id="EEE80B63-8A12-D997-AEA0-4B0216EF4D16">
<createdBy>kelly</createdBy>
<createdTime>2023-03-28 08:15:02 UTC</createdTime>
<commentInRDBMS><![CDATA[precio del producto]]></commentInRDBMS>
<generatorID>44D7F5EF-5CF7-3A62-1960-CE012D2E6030</generatorID>
<ownerDesignName>core</ownerDesignName>
<nullsAllowed>true</nullsAllowed>
<useDomainConstraints>false</useDomainConstraints>
<use>1</use>
<logicalDatatype>LOGDT025</logicalDatatype>
<dataTypeSize>30</dataTypeSize>
<ownDataTypeParameters>30,,</ownDataTypeParameters>
<autoIncrementCycle>false</autoIncrementCycle>
</Column>
<Column name="CantidadProducto" id="A435BC86-7308-705E-1FCA-04B2893E57C9">
<createdBy>kelly</createdBy>
<createdTime>2023-03-28 08:15:02 UTC</createdTime>
<commentInRDBMS><![CDATA[cabtidad del producto]]></commentInRDBMS>
<generatorID>48B08484-433D-1AEF-83D5-7FBC8BB53082</generatorID>
<ownerDesignName>core</ownerDesignName>
<nullsAllowed>true</nullsAllowed>
<useDomainConstraints>false</useDomainConstraints>
<use>1</use>
<logicalDatatype>LOGDT025</logicalDatatype>
<dataTypeSize>30</dataTypeSize>
<ownDataTypeParameters>30,,</ownDataTypeParameters>
<autoIncrementCycle>false</autoIncrementCycle>
</Column>
<Column name="MarcaProducto" id="B2045CA4-87E1-B3BD-D52F-C48E28A278DF">
<createdBy>kelly</createdBy>
<createdTime>2023-03-28 08:15:02 UTC</createdTime>
<commentInRDBMS><![CDATA[marca del producto]]></commentInRDBMS>
<generatorID>2E49ABBF-71E8-FC97-8C4E-2DA8270029BC</generatorID>
<ownerDesignName>core</ownerDesignName>
<nullsAllowed>true</nullsAllowed>
<useDomainConstraints>false</useDomainConstraints>
<use>1</use>
<logicalDatatype>LOGDT025</logicalDatatype>
<dataTypeSize>30</dataTypeSize>
<ownDataTypeParameters>30,,</ownDataTypeParameters>
<autoIncrementCycle>false</autoIncrementCycle>
</Column>
<Column name="ClasificaciónProducto" id="19414644-CC3A-FAC2-12E8-8E9E45EF413E">
<createdBy>kelly</createdBy>
<createdTime>2023-03-28 08:15:02 UTC</createdTime>
<commentInRDBMS><![CDATA[clasificacion del producto]]></commentInRDBMS>
<generatorID>A8399EEB-C461-6CAF-4918-17FA2DF084B9</generatorID>
<ownerDesignName>core</ownerDesignName>
<nullsAllowed>true</nullsAllowed>
<useDomainConstraints>false</useDomainConstraints>
<use>1</use>
<logicalDatatype>LOGDT025</logicalDatatype>
<dataTypeSize>30</dataTypeSize>
<ownDataTypeParameters>30,,</ownDataTypeParameters>
<autoIncrementCycle>false</autoIncrementCycle>
</Column>
<Column name="Stock_Cant_Max" id="2488A83D-39BD-5C0D-A98F-86B2C742F76D">
<createdBy>kelly</createdBy>
<createdTime>2023-03-28 08:15:02 UTC</createdTime>
<generatorID>FBD13036-5811-137C-5B3F-69F6DED3A767</generatorID>
<ownerDesignName>core</ownerDesignName>
<useDomainConstraints>false</useDomainConstraints>
<use>1</use>
<logicalDatatype>LOGDT037</logicalDatatype>
<dataTypeSize>30 CHAR</dataTypeSize>
<ownDataTypeParameters>30 CHAR,,</ownDataTypeParameters>
<previousColumn>false</previousColumn>
<autoIncrementCycle>false</autoIncrementCycle>
<associations>
<colAssociation fkAssociation="4210E2E7-DA57-5672-EB70-EC98D65185E3" referredColumn="4F45CE41-EAE6-64D2-1846-5AAC545F43E8"/>
</associations>
</Column>
<Column name="Stock_Cant_Min" id="55C8B9B7-7DD9-FEAA-C12E-4A0574E7D713">
<createdBy>kelly</createdBy>
<createdTime>2023-03-28 08:15:02 UTC</createdTime>
<generatorID>6D783B13-4B1B-9C9A-A469-398C84AFABDD</generatorID>
<ownerDesignName>core</ownerDesignName>
<useDomainConstraints>false</useDomainConstraints>
<use>1</use>
<logicalDatatype>LOGDT037</logicalDatatype>
<dataTypeSize>30 CHAR</dataTypeSize>
<ownDataTypeParameters>30 CHAR,,</ownDataTypeParameters>
<previousColumn>false</previousColumn>
<autoIncrementCycle>false</autoIncrementCycle>
<associations>
<colAssociation fkAssociation="4210E2E7-DA57-5672-EB70-EC98D65185E3" referredColumn="E2B10163-E264-E0F4-3F38-53788C051CEB"/>
</associations>
</Column>
<Column name="idStock" id="DEA05894-B70B-8779-ED24-22097BE5FE52">
<createdBy>kelly</createdBy>
<createdTime>2023-04-11 09:48:35 UTC</createdTime>
<generatorID>369FFCF1-AF77-3569-727F-A5DAF5ED68B7</generatorID>
<ownerDesignName>core</ownerDesignName>
<useDomainConstraints>false</useDomainConstraints>
<use>1</use>
<logicalDatatype>LOGDT025</logicalDatatype>
<ownDataTypeParameters>,,</ownDataTypeParameters>
<previousColumn>false</previousColumn>
<autoIncrementCycle>false</autoIncrementCycle>
</Column>
</columns>
<indexes itemClass="oracle.dbtools.crest.model.design.relational.Index">
<ind_PK_UK id="AF7FE414-C0AD-FD45-DE90-CD0522E599D6" name="Inventario_PK">
<createdBy>kelly</createdBy>
<createdTime>2023-03-28 08:15:02 UTC</createdTime>
<generatorID>BB259E28-CA7B-AC1C-A846-9C60BD883034</generatorID>
<ownerDesignName>core</ownerDesignName>
<pk>true</pk>
<indexState>Primary Constraint</indexState>
<isSurrogateKey>false</isSurrogateKey>
<indexColumnUsage>
<colUsage columnID="C0F72CBF-8EB2-0FF8-24B5-A93F394ADC95"/>
</indexColumnUsage>
</ind_PK_UK>
<ind_PK_UK id="6EB2CF21-3F8B-4FAA-8F96-E38EE383A588" name="Inventario__IDX">
<createdBy>kelly</createdBy>
<createdTime>2023-03-28 08:15:02 UTC</createdTime>
<ownerDesignName>core</ownerDesignName>
<indexState>Unique Plain Index</indexState>
<isSurrogateKey>false</isSurrogateKey>
<relationGeneratorID>4672B355-BF92-569E-9A7B-592F44C03F03</relationGeneratorID>
<indexColumnUsage>
<colUsage columnID="2488A83D-39BD-5C0D-A98F-86B2C742F76D"/>
<colUsage columnID="55C8B9B7-7DD9-FEAA-C12E-4A0574E7D713"/>
</indexColumnUsage>
</ind_PK_UK>
<ind_PK_UK id="74A45605-FA72-0894-26B7-C1CE08C9E73A" name="Inventario_Stock_FK">
<createdBy>kelly</createdBy>
<createdTime>2023-03-28 08:15:02 UTC</createdTime>
<generatorID>4672B355-BF92-569E-9A7B-592F44C03F03</generatorID>
<ownerDesignName>core</ownerDesignName>
<indexState>Foreign Key</indexState>
<isSurrogateKey>false</isSurrogateKey>
<indexColumnUsage>
<colUsage columnID="2488A83D-39BD-5C0D-A98F-86B2C742F76D"/>
<colUsage columnID="55C8B9B7-7DD9-FEAA-C12E-4A0574E7D713"/>
</indexColumnUsage>
</ind_PK_UK>
</indexes>
</Table>