<?xml version = '1.0' encoding = 'UTF-8'?>
<Table class="oracle.dbtools.crest.model.design.relational.Table" directorySegmentName="seg_0" id="533F1B5F-4727-17FF-B85E-1CEA19D35918" name="Factura">
<createdBy>kelly</createdBy>
<createdTime>2023-03-28 08:15:02 UTC</createdTime>
<generatorID>84F5DFE5-06FB-76D4-425F-4EC4C1541978</generatorID>
<ownerDesignName>core</ownerDesignName>
<allowColumnReorder>false</allowColumnReorder>
<existDependencyGenerateInDDl>true</existDependencyGenerateInDDl>
<parsed>true</parsed>
<columns itemClass="oracle.dbtools.crest.model.design.relational.Column">
<Column name="facturaId" id="38B2D17C-9038-A3DE-2923-46D5C4E6BDC2">
<createdBy>kelly</createdBy>
<createdTime>2023-03-28 08:15:02 UTC</createdTime>
<commentInRDBMS><![CDATA[codigo de la factura ]]></commentInRDBMS>
<generatorID>C26F8829-15BD-4299-39C8-7DDB83A59EC6</generatorID>
<ownerDesignName>core</ownerDesignName>
<useDomainConstraints>false</useDomainConstraints>
<use>1</use>
<logicalDatatype>LOGDT057</logicalDatatype>
<dataTypeSize>32 CHAR</dataTypeSize>
<ownDataTypeParameters>32 CHAR,,</ownDataTypeParameters>
<autoIncrementCycle>false</autoIncrementCycle>
</Column>
<Column name="facturaId1" id="F763AC69-36F8-7459-4C2E-B47CE1938B9C">
<createdBy>kelly</createdBy>
<createdTime>2023-03-28 08:15:02 UTC</createdTime>
<commentInRDBMS><![CDATA[codigo del factura]]></commentInRDBMS>
<generatorID>B7AFF668-2429-9495-71C1-7D881BB5F0C2</generatorID>
<ownerDesignName>core</ownerDesignName>
<useDomainConstraints>false</useDomainConstraints>
<use>1</use>
<logicalDatatype>LOGDT037</logicalDatatype>
<dataTypeSize>34 CHAR</dataTypeSize>
<ownDataTypeParameters>34 CHAR,,</ownDataTypeParameters>
<autoIncrementCycle>false</autoIncrementCycle>
</Column>
<Column name="fecha" id="BDC116A6-BF8F-64DE-3AD9-8EEBDD4BE0F3">
<createdBy>kelly</createdBy>
<createdTime>2023-03-28 08:15:02 UTC</createdTime>
<comment><![CDATA[fecha compra]]></comment>
<commentInRDBMS><![CDATA[fecha de la compra]]></commentInRDBMS>
<generatorID>FE8CB7CD-D994-055F-292C-63B1E6398D88</generatorID>
<ownerDesignName>core</ownerDesignName>
<useDomainConstraints>false</useDomainConstraints>
<use>1</use>
<logicalDatatype>LOGDT007</logicalDatatype>
<ownDataTypeParameters>,,</ownDataTypeParameters>
<autoIncrementCycle>false</autoIncrementCycle>
</Column>
<Column name="subtotal" id="1D9A6AAA-783B-4412-4F90-0CC624E8F3F8">
<createdBy>kelly</createdBy>
<createdTime>2023-03-28 08:15:02 UTC</createdTime>
<comment><![CDATA[subtotal de compra]]></comment>
<commentInRDBMS><![CDATA[monto a pagar principalmente ]]></commentInRDBMS>
<generatorID>145DD9A3-6CAC-4017-B635-EB876F8A03DB</generatorID>
<ownerDesignName>core</ownerDesignName>
<useDomainConstraints>false</useDomainConstraints>
<use>1</use>
<logicalDatatype>LOGDT019</logicalDatatype>
<dataTypePrecision>12</dataTypePrecision>
<dataTypeScale>12</dataTypeScale>
<ownDataTypeParameters>,12,12</ownDataTypeParameters>
<autoIncrementCycle>false</autoIncrementCycle>
</Column>
<Column name="iva" id="6E45E27F-D07B-A3D5-70D7-180C5C6174E9">
<createdBy>kelly</createdBy>
<createdTime>2023-03-28 08:15:02 UTC</createdTime>
<comment><![CDATA[iva de compra]]></comment>
<commentInRDBMS><![CDATA[lo que se le agrega al subtotal]]></commentInRDBMS>
<generatorID>02374CE7-B89B-E104-2962-E7E66CCB4B27</generatorID>
<ownerDesignName>core</ownerDesignName>
<useDomainConstraints>false</useDomainConstraints>
<use>1</use>
<logicalDatatype>LOGDT019</logicalDatatype>
<dataTypePrecision>12</dataTypePrecision>
<dataTypeScale>12</dataTypeScale>
<ownDataTypeParameters>,12,12</ownDataTypeParameters>
<autoIncrementCycle>false</autoIncrementCycle>
</Column>
<Column name="total" id="69E2155B-C047-DF7E-5661-B2691234EDDA">
<createdBy>kelly</createdBy>
<createdTime>2023-03-28 08:15:02 UTC</createdTime>
<comment><![CDATA[total de compra]]></comment>
<commentInRDBMS><![CDATA[cantidad final a pagar ]]></commentInRDBMS>
<generatorID>65B2420F-75DB-E0B0-2FF1-2BACEA0851E5</generatorID>
<ownerDesignName>core</ownerDesignName>
<useDomainConstraints>false</useDomainConstraints>
<use>1</use>
<logicalDatatype>LOGDT019</logicalDatatype>
<dataTypePrecision>12</dataTypePrecision>
<dataTypeScale>12</dataTypeScale>
<ownDataTypeParameters>,12,12</ownDataTypeParameters>
<autoIncrementCycle>false</autoIncrementCycle>
</Column>
<Column name="Cliente_ClienteId" id="4B336A36-DECF-9990-4557-AE8DBC7D98B9">
<createdBy>kelly</createdBy>
<createdTime>2023-03-28 08:15:02 UTC</createdTime>
<generatorID>B4B4CCF7-A8C3-C94E-E464-C4B4B901CCBB</generatorID>
<ownerDesignName>core</ownerDesignName>
<useDomainConstraints>false</useDomainConstraints>
<use>1</use>
<logicalDatatype>LOGDT057</logicalDatatype>
<dataTypeSize>15 CHAR</dataTypeSize>
<ownDataTypeParameters>15 CHAR,,</ownDataTypeParameters>
<previousColumn>false</previousColumn>
<autoIncrementCycle>false</autoIncrementCycle>
<associations>
<colAssociation fkAssociation="9E3A6F1D-D9BB-B527-54F3-F891653D218B" referredColumn="2B729EBC-78C6-DBF9-DC56-EAA0E84E2EA5"/>
</associations>
</Column>
</columns>
<indexes itemClass="oracle.dbtools.crest.model.design.relational.Index">
<ind_PK_UK id="3329276A-D61A-09F2-32F5-C51C46F7AB39" name="Factura_PK">
<createdBy>kelly</createdBy>
<createdTime>2023-03-28 08:15:02 UTC</createdTime>
<generatorID>9D930FD3-D30D-E364-8338-A81923F9AD8C</generatorID>
<ownerDesignName>core</ownerDesignName>
<pk>true</pk>
<indexState>Primary Constraint</indexState>
<isSurrogateKey>false</isSurrogateKey>
<indexColumnUsage>
<colUsage columnID="38B2D17C-9038-A3DE-2923-46D5C4E6BDC2"/>
</indexColumnUsage>
</ind_PK_UK>
<ind_PK_UK id="44121700-02A7-7639-B248-337286BE4C5A" name="Factura_Cliente_FK">
<createdBy>kelly</createdBy>
<createdTime>2023-03-28 08:15:02 UTC</createdTime>
<generatorID>D3146009-0F4D-7FF5-2649-F62EDFBEE1B4</generatorID>
<ownerDesignName>core</ownerDesignName>
<indexState>Foreign Key</indexState>
<isSurrogateKey>false</isSurrogateKey>
<indexColumnUsage>
<colUsage columnID="4B336A36-DECF-9990-4557-AE8DBC7D98B9"/>
</indexColumnUsage>
</ind_PK_UK>
</indexes>
</Table>