<?xml version = '1.0' encoding = 'UTF-8'?>
<Table class="oracle.dbtools.crest.model.design.relational.Table" directorySegmentName="seg_0" id="5CA2AAF0-5931-D602-DCE4-72B6E9A826FD" name="bodega">
<createdBy>kelly</createdBy>
<createdTime>2023-03-28 08:15:02 UTC</createdTime>
<generatorID>3887F0D9-EBF0-9144-432D-9F6EFB5FFF99</generatorID>
<ownerDesignName>core</ownerDesignName>
<allowColumnReorder>false</allowColumnReorder>
<existDependencyGenerateInDDl>true</existDependencyGenerateInDDl>
<parsed>true</parsed>
<columns itemClass="oracle.dbtools.crest.model.design.relational.Column">
<Column name="BodegaId" id="CD5810D4-2F57-F67A-F2E7-ADA0FC4FC043">
<createdBy>kelly</createdBy>
<createdTime>2023-03-28 08:15:02 UTC</createdTime>
<commentInRDBMS><![CDATA[codigo de bodega 
]]></commentInRDBMS>
<generatorID>F0AF0636-D0D0-07F0-4336-F72644AE0935</generatorID>
<ownerDesignName>core</ownerDesignName>
<useDomainConstraints>false</useDomainConstraints>
<use>1</use>
<logicalDatatype>LOGDT037</logicalDatatype>
<dataTypeSize>31 CHAR</dataTypeSize>
<ownDataTypeParameters>31 CHAR,,</ownDataTypeParameters>
<autoIncrementCycle>false</autoIncrementCycle>
</Column>
<Column name="Nombre" id="0A9FC5AF-41EE-36FC-FC46-013691B347CD">
<createdBy>kelly</createdBy>
<createdTime>2023-03-28 08:15:02 UTC</createdTime>
<commentInRDBMS><![CDATA[Nombre bodega]]></commentInRDBMS>
<generatorID>4193D3D7-6D3C-7B5A-7B38-7BCDA356D612</generatorID>
<ownerDesignName>core</ownerDesignName>
<useDomainConstraints>false</useDomainConstraints>
<use>1</use>
<logicalDatatype>LOGDT037</logicalDatatype>
<dataTypeSize>32</dataTypeSize>
<ownDataTypeParameters>32,,</ownDataTypeParameters>
<autoIncrementCycle>false</autoIncrementCycle>
</Column>
<Column name="Estado" id="A678FFC0-4743-69C9-3C38-7305FE6B2F97">
<createdBy>kelly</createdBy>
<createdTime>2023-03-28 08:15:02 UTC</createdTime>
<commentInRDBMS><![CDATA[estado de los productos 
]]></commentInRDBMS>
<generatorID>259E1B41-ADE5-276F-DA43-686D96FFD3A0</generatorID>
<ownerDesignName>core</ownerDesignName>
<useDomainConstraints>false</useDomainConstraints>
<use>1</use>
<logicalDatatype>LOGDT037</logicalDatatype>
<dataTypeSize>32 CHAR</dataTypeSize>
<ownDataTypeParameters>32 CHAR,,</ownDataTypeParameters>
<autoIncrementCycle>false</autoIncrementCycle>
</Column>
<Column name="Stock_Cant_Max" id="87EC6883-9608-449D-866B-BB9059125FB7">
<createdBy>kelly</createdBy>
<createdTime>2023-03-28 08:15:02 UTC</createdTime>
<generatorID>B9FC35A8-2C8C-96DD-AD8B-01012F4869EB</generatorID>
<ownerDesignName>core</ownerDesignName>
<useDomainConstraints>false</useDomainConstraints>
<use>1</use>
<logicalDatatype>LOGDT037</logicalDatatype>
<dataTypeSize>30 CHAR</dataTypeSize>
<ownDataTypeParameters>30 CHAR,,</ownDataTypeParameters>
<previousColumn>false</previousColumn>
<autoIncrementCycle>false</autoIncrementCycle>
<associations>
<colAssociation fkAssociation="8CFB14C0-07EA-24EF-53AF-6CED8935F4D4" referredColumn="4F45CE41-EAE6-64D2-1846-5AAC545F43E8"/>
</associations>
</Column>
<Column name="Stock_Cant_Min" id="2AEFD0AB-CE93-1538-67C1-FF4E6D96E6C2">
<createdBy>kelly</createdBy>
<createdTime>2023-03-28 08:15:02 UTC</createdTime>
<generatorID>FC463EC0-58F7-B49F-CAD0-F30FAB3CBFA9</generatorID>
<ownerDesignName>core</ownerDesignName>
<useDomainConstraints>false</useDomainConstraints>
<use>1</use>
<logicalDatatype>LOGDT037</logicalDatatype>
<dataTypeSize>30 CHAR</dataTypeSize>
<ownDataTypeParameters>30 CHAR,,</ownDataTypeParameters>
<previousColumn>false</previousColumn>
<autoIncrementCycle>false</autoIncrementCycle>
<associations>
<colAssociation fkAssociation="8CFB14C0-07EA-24EF-53AF-6CED8935F4D4" referredColumn="E2B10163-E264-E0F4-3F38-53788C051CEB"/>
</associations>
</Column>
<Column name="idStock" id="709C5526-5D4B-BF7C-040C-4E04F99B5114">
<createdBy>kelly</createdBy>
<createdTime>2023-04-11 09:48:35 UTC</createdTime>
<generatorID>1BF0F875-09B1-10A1-F405-AE3DD9602980</generatorID>
<ownerDesignName>core</ownerDesignName>
<useDomainConstraints>false</useDomainConstraints>
<use>1</use>
<logicalDatatype>LOGDT025</logicalDatatype>
<ownDataTypeParameters>,,</ownDataTypeParameters>
<previousColumn>false</previousColumn>
<autoIncrementCycle>false</autoIncrementCycle>
</Column>
</columns>
<indexes itemClass="oracle.dbtools.crest.model.design.relational.Index">
<ind_PK_UK id="2AD827B0-716C-1E3F-E59C-A5F6BBAC05A4" name="bodega_PK">
<createdBy>kelly</createdBy>
<createdTime>2023-03-28 08:15:02 UTC</createdTime>
<generatorID>A0B530E2-8FF0-2090-5E28-73F3DAD794B3</generatorID>
<ownerDesignName>core</ownerDesignName>
<pk>true</pk>
<indexState>Primary Constraint</indexState>
<isSurrogateKey>false</isSurrogateKey>
<indexColumnUsage>
<colUsage columnID="CD5810D4-2F57-F67A-F2E7-ADA0FC4FC043"/>
</indexColumnUsage>
</ind_PK_UK>
<ind_PK_UK id="C610D164-C916-FF1D-2A1E-F3B5C601EAD4" name="bodega__IDX">
<createdBy>kelly</createdBy>
<createdTime>2023-03-28 08:15:02 UTC</createdTime>
<ownerDesignName>core</ownerDesignName>
<indexState>Unique Plain Index</indexState>
<isSurrogateKey>false</isSurrogateKey>
<relationGeneratorID>448BBB5B-98B9-08A9-0622-0976125EF3A2</relationGeneratorID>
<indexColumnUsage>
<colUsage columnID="87EC6883-9608-449D-866B-BB9059125FB7"/>
<colUsage columnID="2AEFD0AB-CE93-1538-67C1-FF4E6D96E6C2"/>
</indexColumnUsage>
</ind_PK_UK>
<ind_PK_UK id="E2EC01C9-ACB4-49E0-F5E8-5AAE84FFFC7B" name="bodega_Stock_FK">
<createdBy>kelly</createdBy>
<createdTime>2023-03-28 08:15:02 UTC</createdTime>
<generatorID>448BBB5B-98B9-08A9-0622-0976125EF3A2</generatorID>
<ownerDesignName>core</ownerDesignName>
<indexState>Foreign Key</indexState>
<isSurrogateKey>false</isSurrogateKey>
<indexColumnUsage>
<colUsage columnID="87EC6883-9608-449D-866B-BB9059125FB7"/>
<colUsage columnID="2AEFD0AB-CE93-1538-67C1-FF4E6D96E6C2"/>
</indexColumnUsage>
</ind_PK_UK>
</indexes>
</Table>