<?xml version = '1.0' encoding = 'UTF-8'?>
<Table class="oracle.dbtools.crest.model.design.relational.Table" directorySegmentName="seg_0" id="6D94705E-341F-06EA-90E2-4BC7865F596E" name="Estante">
<createdBy>kelly</createdBy>
<createdTime>2023-03-28 08:46:56 UTC</createdTime>
<generatorID>65744072-5C43-265E-B18A-C0870F523D86</generatorID>
<ownerDesignName>azuldi</ownerDesignName>
<allowColumnReorder>false</allowColumnReorder>
<existDependencyGenerateInDDl>true</existDependencyGenerateInDDl>
<parsed>true</parsed>
<columns itemClass="oracle.dbtools.crest.model.design.relational.Column">
<Column name="EstanteId" id="993E8D4D-F20A-7E70-344E-BFC28D691DBF">
<createdBy>kelly</createdBy>
<createdTime>2023-03-28 08:46:56 UTC</createdTime>
<generatorID>1B98D7C6-7687-20DB-5649-88E956ED25BD</generatorID>
<ownerDesignName>azuldi</ownerDesignName>
<useDomainConstraints>false</useDomainConstraints>
<use>1</use>
<logicalDatatype>LOGDT025</logicalDatatype>
<dataTypeSize>30</dataTypeSize>
<ownDataTypeParameters>30,,</ownDataTypeParameters>
<autoIncrementCycle>false</autoIncrementCycle>
</Column>
<Column name="Estanteria_EstanteriaId" id="0848D478-2AFD-FC94-78F7-E9C6B9FC1861">
<createdBy>kelly</createdBy>
<createdTime>2023-03-28 08:46:56 UTC</createdTime>
<generatorID>71380D64-BCDD-1AFB-5F1A-C4BD36EE67A8</generatorID>
<ownerDesignName>azuldi</ownerDesignName>
<useDomainConstraints>false</useDomainConstraints>
<use>1</use>
<logicalDatatype>LOGDT025</logicalDatatype>
<dataTypeSize>30</dataTypeSize>
<ownDataTypeParameters>30,,</ownDataTypeParameters>
<previousColumn>false</previousColumn>
<autoIncrementCycle>false</autoIncrementCycle>
<associations>
<colAssociation fkAssociation="8D035BCE-BFC6-25EB-8504-B9B6D96B0530" referredColumn="EBBBDECB-3D27-D362-96E2-5CFDEF4B527C"/>
</associations>
</Column>
</columns>
<indexes itemClass="oracle.dbtools.crest.model.design.relational.Index">
<ind_PK_UK id="4EA36A69-B5AC-2955-B20B-74F9CBE0B828" name="Estante_PK">
<createdBy>kelly</createdBy>
<createdTime>2023-03-28 08:46:56 UTC</createdTime>
<generatorID>72D7C356-0D1A-FFFC-1F97-144292D46714</generatorID>
<ownerDesignName>azuldi</ownerDesignName>
<pk>true</pk>
<indexState>Primary Constraint</indexState>
<isSurrogateKey>false</isSurrogateKey>
<indexColumnUsage>
<colUsage columnID="993E8D4D-F20A-7E70-344E-BFC28D691DBF"/>
<colUsage columnID="0848D478-2AFD-FC94-78F7-E9C6B9FC1861"/>
</indexColumnUsage>
</ind_PK_UK>
<ind_PK_UK id="E31A8FE4-07EB-2DB8-CB57-8BD56987FCA3" name="Estante_Estanteria_FK">
<createdBy>kelly</createdBy>
<createdTime>2023-03-28 08:46:56 UTC</createdTime>
<generatorID>E2303D3B-D080-E41E-2026-D4882CEF8D77</generatorID>
<ownerDesignName>azuldi</ownerDesignName>
<indexState>Foreign Key</indexState>
<isSurrogateKey>false</isSurrogateKey>
<indexColumnUsage>
<colUsage columnID="0848D478-2AFD-FC94-78F7-E9C6B9FC1861"/>
</indexColumnUsage>
</ind_PK_UK>
</indexes>
</Table>