<?xml version = '1.0' encoding = 'UTF-8'?>
<Table class="oracle.dbtools.crest.model.design.relational.Table" directorySegmentName="seg_0" id="754CC02E-E088-92F6-2EED-78E8A1E073BB" name="Productos">
<createdBy>kelly</createdBy>
<createdTime>2023-03-28 08:15:02 UTC</createdTime>
<generatorID>A5D4E982-B8C6-C5C3-6AB8-2117E44EC5BE</generatorID>
<ownerDesignName>core</ownerDesignName>
<allowColumnReorder>false</allowColumnReorder>
<existDependencyGenerateInDDl>true</existDependencyGenerateInDDl>
<parsed>true</parsed>
<columns itemClass="oracle.dbtools.crest.model.design.relational.Column">
<Column name="ProductoId" id="5A77910E-D9F7-8BA3-86A3-77604495FECC">
<createdBy>kelly</createdBy>
<createdTime>2023-03-28 08:15:02 UTC</createdTime>
<commentInRDBMS><![CDATA[id de producto]]></commentInRDBMS>
<generatorID>76F638E9-3180-1766-3C14-3C4DB6BB3CF5</generatorID>
<ownerDesignName>core</ownerDesignName>
<useDomainConstraints>false</useDomainConstraints>
<use>1</use>
<logicalDatatype>LOGDT037</logicalDatatype>
<dataTypeSize>32 CHAR</dataTypeSize>
<ownDataTypeParameters>32 CHAR,,</ownDataTypeParameters>
<autoIncrementCycle>false</autoIncrementCycle>
</Column>
<Column name="Nombre" id="076F4B0D-EA5B-2C52-BF2B-3B7C0E11C28C">
<createdBy>kelly</createdBy>
<createdTime>2023-03-28 08:15:02 UTC</createdTime>
<commentInRDBMS><![CDATA[nombre del producto]]></commentInRDBMS>
<generatorID>FD419B2C-F886-031D-034B-B1461D78D8F2</generatorID>
<ownerDesignName>core</ownerDesignName>
<useDomainConstraints>false</useDomainConstraints>
<use>1</use>
<logicalDatatype>LOGDT037</logicalDatatype>
<dataTypeSize>32 CHAR</dataTypeSize>
<ownDataTypeParameters>32 CHAR,,</ownDataTypeParameters>
<autoIncrementCycle>false</autoIncrementCycle>
</Column>
<Column name="Precio" id="2658B03D-994F-8F7E-BD1D-94F64D30A91D">
<createdBy>kelly</createdBy>
<createdTime>2023-03-28 08:15:02 UTC</createdTime>
<commentInRDBMS><![CDATA[precio del producto]]></commentInRDBMS>
<generatorID>9494D4C9-D478-B516-5CB0-713545558672</generatorID>
<ownerDesignName>core</ownerDesignName>
<useDomainConstraints>false</useDomainConstraints>
<use>1</use>
<logicalDatatype>LOGDT037</logicalDatatype>
<dataTypeSize>32 CHAR</dataTypeSize>
<ownDataTypeParameters>32 CHAR,,</ownDataTypeParameters>
<autoIncrementCycle>false</autoIncrementCycle>
</Column>
<Column name="Marca" id="9E683799-E2A2-D3F1-130A-61E72841E452">
<createdBy>kelly</createdBy>
<createdTime>2023-03-28 08:15:02 UTC</createdTime>
<commentInRDBMS><![CDATA[marca del producto]]></commentInRDBMS>
<generatorID>525CCC06-F516-9FDA-39ED-DE1B82B5693F</generatorID>
<ownerDesignName>core</ownerDesignName>
<useDomainConstraints>false</useDomainConstraints>
<use>1</use>
<logicalDatatype>LOGDT037</logicalDatatype>
<dataTypeSize>32 CHAR</dataTypeSize>
<ownDataTypeParameters>32 CHAR,,</ownDataTypeParameters>
<autoIncrementCycle>false</autoIncrementCycle>
</Column>
<Column name="Clasificación" id="7049307C-60CC-B710-5C93-D7D2E77FC015">
<createdBy>kelly</createdBy>
<createdTime>2023-03-28 08:15:02 UTC</createdTime>
<commentInRDBMS><![CDATA[clasificacion del producto]]></commentInRDBMS>
<generatorID>B652724C-032E-D1F3-E818-780F8310A035</generatorID>
<ownerDesignName>core</ownerDesignName>
<useDomainConstraints>false</useDomainConstraints>
<use>1</use>
<logicalDatatype>LOGDT037</logicalDatatype>
<dataTypeSize>32 CHAR</dataTypeSize>
<ownDataTypeParameters>32 CHAR,,</ownDataTypeParameters>
<autoIncrementCycle>false</autoIncrementCycle>
</Column>
<Column name="Inventario_ProductoId" id="153099B9-2DA3-83B7-860C-E7DF72DF5406">
<createdBy>kelly</createdBy>
<createdTime>2023-03-28 08:15:02 UTC</createdTime>
<generatorID>51577DAE-6696-9510-2D72-BE58152B546D</generatorID>
<ownerDesignName>core</ownerDesignName>
<useDomainConstraints>false</useDomainConstraints>
<use>1</use>
<logicalDatatype>LOGDT025</logicalDatatype>
<dataTypeSize>30</dataTypeSize>
<ownDataTypeParameters>30,,</ownDataTypeParameters>
<previousColumn>false</previousColumn>
<autoIncrementCycle>false</autoIncrementCycle>
<associations>
<colAssociation fkAssociation="0019EFB5-3729-15C6-86CB-9CF3E100C737" referredColumn="C0F72CBF-8EB2-0FF8-24B5-A93F394ADC95"/>
</associations>
</Column>
<Column name="Proveedores_Id_proveedores" id="35E1C8FB-5B47-45F2-1C1E-EBC1791B3C18">
<createdBy>kelly</createdBy>
<createdTime>2023-03-28 08:15:02 UTC</createdTime>
<generatorID>0C41A59B-A814-0FA3-AD5C-B87B252F7BBC</generatorID>
<ownerDesignName>core</ownerDesignName>
<useDomainConstraints>false</useDomainConstraints>
<use>1</use>
<logicalDatatype>LOGDT037</logicalDatatype>
<dataTypeSize>32 CHAR</dataTypeSize>
<ownDataTypeParameters>32 CHAR,,</ownDataTypeParameters>
<previousColumn>false</previousColumn>
<autoIncrementCycle>false</autoIncrementCycle>
<associations>
<colAssociation fkAssociation="9C6E804E-00B5-B136-C9AA-B1C1E8D237CF" referredColumn="C1D9A273-920B-D31C-5963-CFE83AE3FFC6"/>
</associations>
</Column>
</columns>
<indexes itemClass="oracle.dbtools.crest.model.design.relational.Index">
<ind_PK_UK id="52768B78-FE8E-C689-EE32-7DFD062E18D0" name="Productos_PK">
<createdBy>kelly</createdBy>
<createdTime>2023-03-28 08:15:02 UTC</createdTime>
<generatorID>0AE61E45-BECA-4632-C7BA-3563AE64F890</generatorID>
<ownerDesignName>core</ownerDesignName>
<pk>true</pk>
<indexState>Primary Constraint</indexState>
<isSurrogateKey>false</isSurrogateKey>
<indexColumnUsage>
<colUsage columnID="5A77910E-D9F7-8BA3-86A3-77604495FECC"/>
<colUsage columnID="153099B9-2DA3-83B7-860C-E7DF72DF5406"/>
</indexColumnUsage>
</ind_PK_UK>
<ind_PK_UK id="BF926CEE-332C-1D6B-36F2-6CE8393987F2" name="Productos_Inventario_FK">
<createdBy>kelly</createdBy>
<createdTime>2023-03-28 08:15:02 UTC</createdTime>
<generatorID>FEB6B00C-75AF-4E6A-6D85-65B905DB9DED</generatorID>
<ownerDesignName>core</ownerDesignName>
<indexState>Foreign Key</indexState>
<isSurrogateKey>false</isSurrogateKey>
<indexColumnUsage>
<colUsage columnID="153099B9-2DA3-83B7-860C-E7DF72DF5406"/>
</indexColumnUsage>
</ind_PK_UK>
<ind_PK_UK id="4C754057-76C3-3E28-5F66-65A7B2AA0D9E" name="Productos_Proveedores_FK">
<createdBy>kelly</createdBy>
<createdTime>2023-03-28 08:15:02 UTC</createdTime>
<generatorID>0BE8426D-8925-A5EF-D08B-E97EBE4B9804</generatorID>
<ownerDesignName>core</ownerDesignName>
<indexState>Foreign Key</indexState>
<isSurrogateKey>false</isSurrogateKey>
<indexColumnUsage>
<colUsage columnID="35E1C8FB-5B47-45F2-1C1E-EBC1791B3C18"/>
</indexColumnUsage>
</ind_PK_UK>
</indexes>
</Table>