<?xml version = '1.0' encoding = 'UTF-8'?>
<Table class="oracle.dbtools.crest.model.design.relational.Table" directorySegmentName="seg_0" id="7B8B4381-A1F0-A181-2527-83A3D1382DAB" name="Plataforma_Digital">
<createdBy>kelly</createdBy>
<createdTime>2023-03-28 08:15:02 UTC</createdTime>
<generatorID>9A26A9CB-5DAA-D1A3-2A51-6B565C5DCA21</generatorID>
<ownerDesignName>azuldi</ownerDesignName>
<allowColumnReorder>false</allowColumnReorder>
<existDependencyGenerateInDDl>true</existDependencyGenerateInDDl>
<parsed>true</parsed>
<columns itemClass="oracle.dbtools.crest.model.design.relational.Column">
<Column name="Metodo_de_pago_Id" id="6A094625-8980-C77C-F5D3-F996EFC18373">
<createdBy>kelly</createdBy>
<createdTime>2023-03-28 08:15:02 UTC</createdTime>
<generatorID>BF2625BD-3016-EB71-BAC2-B39E3B20ABC1</generatorID>
<ownerDesignName>azuldi</ownerDesignName>
<shouldEngineer>false</shouldEngineer>
<useDomainConstraints>false</useDomainConstraints>
<use>1</use>
<logicalDatatype>LOGDT025</logicalDatatype>
<dataTypeSize>30</dataTypeSize>
<ownDataTypeParameters>30,,</ownDataTypeParameters>
<autoIncrementCycle>false</autoIncrementCycle>
<associations>
<colAssociation fkAssociation="8764273E-870D-6D6A-70AC-E04B30C8BF74" referredColumn="8E744BA1-46AD-E48D-A429-C31B4F4F6FD2"/>
</associations>
</Column>
<Column name="Nombre" id="BD7C9317-ED26-DACE-94F8-2A508058980D">
<createdBy>kelly</createdBy>
<createdTime>2023-03-28 08:15:02 UTC</createdTime>
<commentInRDBMS><![CDATA[Nombre de la plataforma desde donde se realiza el pago]]></commentInRDBMS>
<generatorID>29739C8D-A3AE-2824-ECC2-403DD833EF62</generatorID>
<ownerDesignName>azuldi</ownerDesignName>
<useDomainConstraints>false</useDomainConstraints>
<use>1</use>
<logicalDatatype>LOGDT025</logicalDatatype>
<dataTypeSize>25</dataTypeSize>
<ownDataTypeParameters>25,,</ownDataTypeParameters>
<autoIncrementCycle>false</autoIncrementCycle>
</Column>
</columns>
<indexes itemClass="oracle.dbtools.crest.model.design.relational.Index">
<ind_PK_UK id="CB911941-7A5C-C293-F73A-E45E4D48B828" name="Plataforma_Digital_PK">
<createdBy>kelly</createdBy>
<createdTime>2023-03-28 08:15:02 UTC</createdTime>
<generatorID>14C3F616-9DAB-A808-691B-E60AEE546409</generatorID>
<ownerDesignName>azuldi</ownerDesignName>
<shouldEngineer>false</shouldEngineer>
<pk>true</pk>
<indexState>Primary Constraint</indexState>
<isSurrogateKey>false</isSurrogateKey>
<indexColumnUsage>
<colUsage columnID="6A094625-8980-C77C-F5D3-F996EFC18373"/>
</indexColumnUsage>
</ind_PK_UK>
<ind_PK_UK id="95350160-9B50-B975-3BCA-AAAC218749F5" name="Plataforma_Digital_Metodo_pago_FK">
<createdBy>kelly</createdBy>
<createdTime>2023-03-28 08:15:02 UTC</createdTime>
<generatorID>7240DD11-06D5-5696-02CE-145CBAF56753</generatorID>
<ownerDesignName>azuldi</ownerDesignName>
<indexState>Foreign Key</indexState>
<isSurrogateKey>false</isSurrogateKey>
<indexColumnUsage>
<colUsage columnID="6A094625-8980-C77C-F5D3-F996EFC18373"/>
</indexColumnUsage>
</ind_PK_UK>
</indexes>
</Table>