<?xml version = '1.0' encoding = 'UTF-8'?>
<Table class="oracle.dbtools.crest.model.design.relational.Table" directorySegmentName="seg_0" id="98F37AFF-3D5D-2FB1-A32B-2DC168FA2C4A" name="Pagoempleados">
<createdBy>kelly</createdBy>
<createdTime>2023-03-28 08:15:02 UTC</createdTime>
<generatorID>D1ED697B-8BAD-007D-A4CF-3B893E7FC010</generatorID>
<ownerDesignName>core</ownerDesignName>
<allowColumnReorder>false</allowColumnReorder>
<existDependencyGenerateInDDl>true</existDependencyGenerateInDDl>
<parsed>true</parsed>
<columns itemClass="oracle.dbtools.crest.model.design.relational.Column">
<Column name="Nombre_Cuenta_Bancaria" id="4CAC92CA-EB44-5907-5349-1885104D1041">
<createdBy>kelly</createdBy>
<createdTime>2023-03-28 08:15:02 UTC</createdTime>
<commentInRDBMS><![CDATA[Cuenta bancaria a la que se le va a realizar el pago ]]></commentInRDBMS>
<generatorID>1CB3E379-416C-5CB6-1485-A6BDEBD11994</generatorID>
<ownerDesignName>core</ownerDesignName>
<useDomainConstraints>false</useDomainConstraints>
<use>1</use>
<logicalDatatype>LOGDT025</logicalDatatype>
<dataTypeSize>30</dataTypeSize>
<ownDataTypeParameters>30,,</ownDataTypeParameters>
<autoIncrementCycle>false</autoIncrementCycle>
</Column>
<Column name="Empleado_EmpleadoId" id="E295DB9C-3683-C361-35F8-479389BD577E">
<createdBy>kelly</createdBy>
<createdTime>2023-03-28 08:15:02 UTC</createdTime>
<generatorID>571A1932-4227-F70C-1CDE-0036425913FC</generatorID>
<ownerDesignName>core</ownerDesignName>
<nullsAllowed>true</nullsAllowed>
<useDomainConstraints>false</useDomainConstraints>
<use>1</use>
<logicalDatatype>LOGDT037</logicalDatatype>
<dataTypeSize>20 CHAR</dataTypeSize>
<ownDataTypeParameters>20 CHAR,,</ownDataTypeParameters>
<previousColumn>false</previousColumn>
<autoIncrementCycle>false</autoIncrementCycle>
<associations>
<colAssociation fkAssociation="01211406-0E6E-3FCA-A551-165F1C5E95CD" referredColumn="1B318FA8-19D6-050B-9A35-49F9DBB657DE"/>
</associations>
</Column>
</columns>
<indexes itemClass="oracle.dbtools.crest.model.design.relational.Index">
<ind_PK_UK id="D6369DA4-7898-E235-7CD6-5D0D594E72DA" name="Pagoempleados_Empleado_FK">
<createdBy>kelly</createdBy>
<createdTime>2023-03-28 08:15:02 UTC</createdTime>
<generatorID>6D66EF05-F1A1-729B-5BFA-BB94F68CF395</generatorID>
<ownerDesignName>core</ownerDesignName>
<indexState>Foreign Key</indexState>
<isSurrogateKey>false</isSurrogateKey>
<indexColumnUsage>
<colUsage columnID="E295DB9C-3683-C361-35F8-479389BD577E"/>
</indexColumnUsage>
</ind_PK_UK>
</indexes>
</Table>