<?xml version = '1.0' encoding = 'UTF-8'?>
<Table class="oracle.dbtools.crest.model.design.relational.Table" directorySegmentName="seg_0" id="A123FAB1-424A-43F0-69F3-919DD3B2E4DB" name="HistorialEstante">
<createdBy>kelly</createdBy>
<createdTime>2023-03-28 08:46:56 UTC</createdTime>
<generatorID>F1D611F3-4AFD-86B4-47CB-DFC79F464895</generatorID>
<ownerDesignName>core</ownerDesignName>
<allowColumnReorder>false</allowColumnReorder>
<existDependencyGenerateInDDl>true</existDependencyGenerateInDDl>
<parsed>true</parsed>
<columns itemClass="oracle.dbtools.crest.model.design.relational.Column">
<Column name="Factura_facturaId" id="7C67F6A6-DB23-568D-39A3-81386983A783">
<createdBy>kelly</createdBy>
<createdTime>2023-03-28 08:46:56 UTC</createdTime>
<generatorID>393D349B-E284-8112-DD8B-9334EBDE4F61</generatorID>
<ownerDesignName>core</ownerDesignName>
<useDomainConstraints>false</useDomainConstraints>
<use>1</use>
<logicalDatatype>LOGDT057</logicalDatatype>
<dataTypeSize>32 CHAR</dataTypeSize>
<ownDataTypeParameters>32 CHAR,,</ownDataTypeParameters>
<previousColumn>false</previousColumn>
<autoIncrementCycle>false</autoIncrementCycle>
<associations>
<colAssociation fkAssociation="9EE21AB0-73F9-D0EC-87E6-FEB96FE07E85" referredColumn="38B2D17C-9038-A3DE-2923-46D5C4E6BDC2"/>
</associations>
</Column>
<Column name="fecha" id="6CB1782C-9252-242C-F51B-454FC2DA88D2">
<createdBy>kelly</createdBy>
<createdTime>2023-03-28 08:46:56 UTC</createdTime>
<generatorID>E8FAAECD-D288-4CD2-CDED-1A94943B42A3</generatorID>
<ownerDesignName>core</ownerDesignName>
<useDomainConstraints>false</useDomainConstraints>
<use>1</use>
<logicalDatatype>LOGDT025</logicalDatatype>
<dataTypeSize>30</dataTypeSize>
<ownDataTypeParameters>30,,</ownDataTypeParameters>
<autoIncrementCycle>false</autoIncrementCycle>
</Column>
<Column name="Tipomovimiento" id="D1B4C207-65A5-CF19-EEA4-5C96561ECAC2">
<createdBy>kelly</createdBy>
<createdTime>2023-03-28 08:46:56 UTC</createdTime>
<generatorID>5DABE0C1-EDD0-354D-8CC7-93B697873E3F</generatorID>
<ownerDesignName>core</ownerDesignName>
<useDomainConstraints>false</useDomainConstraints>
<use>1</use>
<logicalDatatype>LOGDT025</logicalDatatype>
<ownDataTypeParameters>,,</ownDataTypeParameters>
<autoIncrementCycle>false</autoIncrementCycle>
</Column>
<Column name="Obcervaciones" id="C1EADCD6-144E-EDB5-224D-A9828D1C00AA">
<createdBy>kelly</createdBy>
<createdTime>2023-03-28 08:46:56 UTC</createdTime>
<generatorID>48F1F0BC-8F9F-6417-30E6-3BCC090299A5</generatorID>
<ownerDesignName>core</ownerDesignName>
<nullsAllowed>true</nullsAllowed>
<useDomainConstraints>false</useDomainConstraints>
<use>1</use>
<logicalDatatype>LOGDT025</logicalDatatype>
<dataTypeSize>60</dataTypeSize>
<ownDataTypeParameters>60,,</ownDataTypeParameters>
<autoIncrementCycle>false</autoIncrementCycle>
</Column>
<Column name="Estante_EstanteId" id="E41A5B48-F004-B2C0-35E1-987B572957FE">
<createdBy>kelly</createdBy>
<createdTime>2023-03-28 08:46:56 UTC</createdTime>
<generatorID>4C1BB08E-171B-9D45-9B71-22004889F40C</generatorID>
<ownerDesignName>core</ownerDesignName>
<useDomainConstraints>false</useDomainConstraints>
<use>1</use>
<logicalDatatype>LOGDT025</logicalDatatype>
<dataTypeSize>30</dataTypeSize>
<ownDataTypeParameters>30,,</ownDataTypeParameters>
<previousColumn>false</previousColumn>
<autoIncrementCycle>false</autoIncrementCycle>
<associations>
<colAssociation fkAssociation="D2FB8A7E-6487-EEAB-B39E-A6265C3DCB5E" referredColumn="993E8D4D-F20A-7E70-344E-BFC28D691DBF"/>
</associations>
</Column>
<Column name="Estante_Estanteria_EstanteriaId" id="E14A74C6-B5F1-9E05-1395-BAA40169C467">
<createdBy>kelly</createdBy>
<createdTime>2023-03-28 08:46:56 UTC</createdTime>
<generatorID>977A77FA-4FC7-AA0C-F825-6C86255DB3E2</generatorID>
<ownerDesignName>core</ownerDesignName>
<useDomainConstraints>false</useDomainConstraints>
<use>1</use>
<logicalDatatype>LOGDT025</logicalDatatype>
<dataTypeSize>30</dataTypeSize>
<ownDataTypeParameters>30,,</ownDataTypeParameters>
<previousColumn>false</previousColumn>
<autoIncrementCycle>false</autoIncrementCycle>
<associations>
<colAssociation fkAssociation="D2FB8A7E-6487-EEAB-B39E-A6265C3DCB5E" referredColumn="0848D478-2AFD-FC94-78F7-E9C6B9FC1861"/>
</associations>
</Column>
<Column name="facturaId" id="20AF3CA1-09B3-5D70-0960-CC233323CFE8">
<createdBy>kelly</createdBy>
<createdTime>2023-04-11 09:48:35 UTC</createdTime>
<generatorID>0E783C05-5964-40C4-EC3E-DC9B596C794B</generatorID>
<ownerDesignName>core</ownerDesignName>
<useDomainConstraints>false</useDomainConstraints>
<use>1</use>
<logicalDatatype>LOGDT037</logicalDatatype>
<ownDataTypeParameters>,,</ownDataTypeParameters>
<previousColumn>false</previousColumn>
<autoIncrementCycle>false</autoIncrementCycle>
</Column>
</columns>
<indexes itemClass="oracle.dbtools.crest.model.design.relational.Index">
<ind_PK_UK id="875EB47F-16D5-E232-E2BB-32B1C0FD2B84" name="HistorialEstante_PK">
<createdBy>kelly</createdBy>
<createdTime>2023-03-28 08:46:56 UTC</createdTime>
<generatorID>7C107913-FF57-A93D-2265-73FAB1E93358</generatorID>
<ownerDesignName>core</ownerDesignName>
<pk>true</pk>
<indexState>Primary Constraint</indexState>
<isSurrogateKey>false</isSurrogateKey>
<indexColumnUsage>
<colUsage columnID="7C67F6A6-DB23-568D-39A3-81386983A783"/>
<colUsage columnID="6CB1782C-9252-242C-F51B-454FC2DA88D2"/>
<colUsage columnID="D1B4C207-65A5-CF19-EEA4-5C96561ECAC2"/>
<colUsage columnID="E41A5B48-F004-B2C0-35E1-987B572957FE"/>
<colUsage columnID="E14A74C6-B5F1-9E05-1395-BAA40169C467"/>
</indexColumnUsage>
</ind_PK_UK>
<ind_PK_UK id="93291E2E-5DB6-45F2-D2EE-67983B0CD296" name="HistorialEstante_Estante_FK">
<createdBy>kelly</createdBy>
<createdTime>2023-03-28 08:46:56 UTC</createdTime>
<generatorID>2BBA7DE9-C691-ED35-0BFB-B678E1191EFE</generatorID>
<ownerDesignName>core</ownerDesignName>
<indexState>Foreign Key</indexState>
<isSurrogateKey>false</isSurrogateKey>
<indexColumnUsage>
<colUsage columnID="E41A5B48-F004-B2C0-35E1-987B572957FE"/>
<colUsage columnID="E14A74C6-B5F1-9E05-1395-BAA40169C467"/>
</indexColumnUsage>
</ind_PK_UK>
<ind_PK_UK id="62DF62E8-27DB-BF4B-0031-FF26FCC9F332" name="HistorialEstante_Factura_FK">
<createdBy>kelly</createdBy>
<createdTime>2023-03-28 08:46:56 UTC</createdTime>
<generatorID>07DF6DBC-3621-2242-ADE4-E5DC1E25E0BD</generatorID>
<ownerDesignName>core</ownerDesignName>
<indexState>Foreign Key</indexState>
<isSurrogateKey>false</isSurrogateKey>
<indexColumnUsage>
<colUsage columnID="7C67F6A6-DB23-568D-39A3-81386983A783"/>
</indexColumnUsage>
</ind_PK_UK>
</indexes>
</Table>