<?xml version = '1.0' encoding = 'UTF-8'?>
<Table class="oracle.dbtools.crest.model.design.relational.Table" directorySegmentName="seg_0" id="B3BE8C26-63C8-200B-CA9C-EBE0B7D9354B" name="Estanteria">
<createdBy>kelly</createdBy>
<createdTime>2023-03-28 08:46:56 UTC</createdTime>
<generatorID>F570749C-CC2E-E1A8-8C66-DF74FFBE9944</generatorID>
<ownerDesignName>azuldi</ownerDesignName>
<allowColumnReorder>false</allowColumnReorder>
<existDependencyGenerateInDDl>true</existDependencyGenerateInDDl>
<parsed>true</parsed>
<columns itemClass="oracle.dbtools.crest.model.design.relational.Column">
<Column name="EstanteriaId" id="EBBBDECB-3D27-D362-96E2-5CFDEF4B527C">
<createdBy>kelly</createdBy>
<createdTime>2023-03-28 08:46:56 UTC</createdTime>
<generatorID>26B9C5BD-0943-9CB4-96E3-5FD8A03961DA</generatorID>
<ownerDesignName>azuldi</ownerDesignName>
<useDomainConstraints>false</useDomainConstraints>
<use>1</use>
<logicalDatatype>LOGDT025</logicalDatatype>
<dataTypeSize>30</dataTypeSize>
<ownDataTypeParameters>30,,</ownDataTypeParameters>
<autoIncrementCycle>false</autoIncrementCycle>
</Column>
<Column name="Cantidad" id="01A89C4D-2E6C-4F0F-AF08-F7AF0CCA5AFD">
<createdBy>kelly</createdBy>
<createdTime>2023-03-28 08:46:56 UTC</createdTime>
<generatorID>A222FE56-B347-C116-2F76-08F0619FFC15</generatorID>
<ownerDesignName>azuldi</ownerDesignName>
<nullsAllowed>true</nullsAllowed>
<useDomainConstraints>false</useDomainConstraints>
<use>1</use>
<logicalDatatype>LOGDT025</logicalDatatype>
<ownDataTypeParameters>,,</ownDataTypeParameters>
<autoIncrementCycle>false</autoIncrementCycle>
</Column>
</columns>
<indexes itemClass="oracle.dbtools.crest.model.design.relational.Index">
<ind_PK_UK id="16FC6C6B-C31B-99CB-3A46-7B8F4D153293" name="Estanteria_PK">
<createdBy>kelly</createdBy>
<createdTime>2023-03-28 08:46:56 UTC</createdTime>
<generatorID>4C8FED42-FEAE-62EC-D3A2-8AFED876F9C6</generatorID>
<ownerDesignName>azuldi</ownerDesignName>
<pk>true</pk>
<indexState>Primary Constraint</indexState>
<isSurrogateKey>false</isSurrogateKey>
<indexColumnUsage>
<colUsage columnID="EBBBDECB-3D27-D362-96E2-5CFDEF4B527C"/>
</indexColumnUsage>
</ind_PK_UK>
</indexes>
</Table>