<?xml version = '1.0' encoding = 'UTF-8'?>
<Table class="oracle.dbtools.crest.model.design.relational.Table" directorySegmentName="seg_0" id="BCEE7755-8CF4-EDAA-51F5-DA873C9BB408" name="Detallefactura">
<createdBy>kelly</createdBy>
<createdTime>2023-03-28 08:15:02 UTC</createdTime>
<generatorID>50492369-604C-B082-CBBE-8614B502E5F5</generatorID>
<ownerDesignName>core</ownerDesignName>
<allowColumnReorder>false</allowColumnReorder>
<existDependencyGenerateInDDl>true</existDependencyGenerateInDDl>
<parsed>true</parsed>
<columns itemClass="oracle.dbtools.crest.model.design.relational.Column">
<Column name="detalleId" id="7D0BDCEA-68FE-9303-304D-26BDFFDF3D34">
<createdBy>kelly</createdBy>
<createdTime>2023-03-28 08:15:02 UTC</createdTime>
<commentInRDBMS><![CDATA[id del detalle]]></commentInRDBMS>
<generatorID>8D5C98F3-98BF-EA05-59CF-EB0C78934D46</generatorID>
<ownerDesignName>core</ownerDesignName>
<useDomainConstraints>false</useDomainConstraints>
<use>1</use>
<logicalDatatype>LOGDT057</logicalDatatype>
<dataTypeSize>32 CHAR</dataTypeSize>
<ownDataTypeParameters>32 CHAR,,</ownDataTypeParameters>
<autoIncrementCycle>false</autoIncrementCycle>
</Column>
<Column name="Iva" id="6BF05121-3C1C-B1DF-FB50-CD967338D750">
<createdBy>kelly</createdBy>
<createdTime>2023-03-28 08:15:02 UTC</createdTime>
<commentInRDBMS><![CDATA[iva de los productos]]></commentInRDBMS>
<generatorID>3404DE55-904C-7036-B390-949B5375895B</generatorID>
<ownerDesignName>core</ownerDesignName>
<useDomainConstraints>false</useDomainConstraints>
<use>1</use>
<logicalDatatype>LOGDT019</logicalDatatype>
<dataTypePrecision>12</dataTypePrecision>
<dataTypeScale>12</dataTypeScale>
<ownDataTypeParameters>,12,12</ownDataTypeParameters>
<autoIncrementCycle>false</autoIncrementCycle>
</Column>
<Column name="Valor_unidad" id="99AD91CE-E365-2805-EAB6-7B2FC60902DC">
<createdBy>kelly</createdBy>
<createdTime>2023-03-28 08:15:02 UTC</createdTime>
<commentInRDBMS><![CDATA[valor de producto en unidad]]></commentInRDBMS>
<generatorID>F295CEEE-6FF7-F48E-2EE8-ECA35274AE71</generatorID>
<ownerDesignName>core</ownerDesignName>
<useDomainConstraints>false</useDomainConstraints>
<use>1</use>
<logicalDatatype>LOGDT019</logicalDatatype>
<ownDataTypeParameters>,,</ownDataTypeParameters>
<autoIncrementCycle>false</autoIncrementCycle>
</Column>
<Column name="Cantidad" id="24363026-F798-7715-E4CE-A9D2B7564507">
<createdBy>kelly</createdBy>
<createdTime>2023-03-28 08:15:02 UTC</createdTime>
<commentInRDBMS><![CDATA[registro de cantidad]]></commentInRDBMS>
<generatorID>1FB9AF13-D21D-96B9-BB18-A71A2D1B6838</generatorID>
<ownerDesignName>core</ownerDesignName>
<useDomainConstraints>false</useDomainConstraints>
<use>1</use>
<logicalDatatype>LOGDT019</logicalDatatype>
<dataTypePrecision>12</dataTypePrecision>
<dataTypeScale>12</dataTypeScale>
<ownDataTypeParameters>,12,12</ownDataTypeParameters>
<autoIncrementCycle>false</autoIncrementCycle>
</Column>
<Column name="Factura_facturaId" id="D2C61553-8E18-2366-5310-318CB1C18E2D">
<createdBy>kelly</createdBy>
<createdTime>2023-03-28 08:15:02 UTC</createdTime>
<generatorID>CF400DE2-A407-D8B8-ECA1-C7E4A9D7947B</generatorID>
<ownerDesignName>core</ownerDesignName>
<useDomainConstraints>false</useDomainConstraints>
<use>1</use>
<logicalDatatype>LOGDT057</logicalDatatype>
<dataTypeSize>32 CHAR</dataTypeSize>
<ownDataTypeParameters>32 CHAR,,</ownDataTypeParameters>
<previousColumn>false</previousColumn>
<autoIncrementCycle>false</autoIncrementCycle>
<associations>
<colAssociation fkAssociation="2A69F3AC-6BD8-16B5-87C4-BD1CF6964FED" referredColumn="38B2D17C-9038-A3DE-2923-46D5C4E6BDC2"/>
</associations>
</Column>
<Column name="Productos_ProductoId" id="239F08B7-C763-B516-1865-26E74DF40490">
<createdBy>kelly</createdBy>
<createdTime>2023-03-28 08:15:02 UTC</createdTime>
<generatorID>3AFBC881-ECBA-EC2A-24B4-AED9B863D4FF</generatorID>
<ownerDesignName>core</ownerDesignName>
<useDomainConstraints>false</useDomainConstraints>
<use>1</use>
<logicalDatatype>LOGDT037</logicalDatatype>
<dataTypeSize>32 CHAR</dataTypeSize>
<ownDataTypeParameters>32 CHAR,,</ownDataTypeParameters>
<previousColumn>false</previousColumn>
<autoIncrementCycle>false</autoIncrementCycle>
<associations>
<colAssociation fkAssociation="CA08C444-5D81-AD36-8957-B3F461500630" referredColumn="5A77910E-D9F7-8BA3-86A3-77604495FECC"/>
</associations>
</Column>
<Column name="Productos_Inventario_ProductoId" id="63E89A9C-6C15-582A-AAC5-3990F86F1741">
<createdBy>kelly</createdBy>
<createdTime>2023-03-28 08:15:02 UTC</createdTime>
<generatorID>F3EE351F-A735-28FF-01EF-DCC39F690F16</generatorID>
<ownerDesignName>core</ownerDesignName>
<useDomainConstraints>false</useDomainConstraints>
<use>1</use>
<logicalDatatype>LOGDT025</logicalDatatype>
<dataTypeSize>30</dataTypeSize>
<ownDataTypeParameters>30,,</ownDataTypeParameters>
<previousColumn>false</previousColumn>
<autoIncrementCycle>false</autoIncrementCycle>
<associations>
<colAssociation fkAssociation="CA08C444-5D81-AD36-8957-B3F461500630" referredColumn="153099B9-2DA3-83B7-860C-E7DF72DF5406"/>
</associations>
</Column>
<Column name="Cajero" id="3E0F5F92-3C3C-9A54-C4BF-16479286AD16">
<createdBy>kelly</createdBy>
<createdTime>2023-04-11 01:05:10 UTC</createdTime>
<commentInRDBMS><![CDATA[nombre de cajero ]]></commentInRDBMS>
<generatorID>1C97C042-0B50-0B50-2FC4-7BE776B737D6</generatorID>
<ownerDesignName>core</ownerDesignName>
<useDomainConstraints>false</useDomainConstraints>
<use>1</use>
<logicalDatatype>LOGDT025</logicalDatatype>
<ownDataTypeParameters>,,</ownDataTypeParameters>
<autoIncrementCycle>false</autoIncrementCycle>
</Column>
<Column name="facturaId" id="6C066767-3781-1FF7-C023-3B10C13A47CE">
<createdBy>kelly</createdBy>
<createdTime>2023-04-11 09:48:35 UTC</createdTime>
<generatorID>73B43E31-7920-38FF-A599-3D9EF3D3868E</generatorID>
<ownerDesignName>core</ownerDesignName>
<useDomainConstraints>false</useDomainConstraints>
<use>1</use>
<logicalDatatype>LOGDT037</logicalDatatype>
<ownDataTypeParameters>,,</ownDataTypeParameters>
<previousColumn>false</previousColumn>
<autoIncrementCycle>false</autoIncrementCycle>
</Column>
</columns>
<indexes itemClass="oracle.dbtools.crest.model.design.relational.Index">
<ind_PK_UK id="B0B4043E-4CED-C98A-35F8-0EEA09A84357" name="Detalle_de_factura_PK">
<createdBy>kelly</createdBy>
<createdTime>2023-03-28 08:15:02 UTC</createdTime>
<generatorID>543EE715-2DCD-5DB0-ED50-FB6ECD737C27</generatorID>
<ownerDesignName>core</ownerDesignName>
<pk>true</pk>
<indexState>Primary Constraint</indexState>
<isSurrogateKey>false</isSurrogateKey>
<indexColumnUsage>
<colUsage columnID="7D0BDCEA-68FE-9303-304D-26BDFFDF3D34"/>
<colUsage columnID="D2C61553-8E18-2366-5310-318CB1C18E2D"/>
<colUsage columnID="239F08B7-C763-B516-1865-26E74DF40490"/>
<colUsage columnID="63E89A9C-6C15-582A-AAC5-3990F86F1741"/>
</indexColumnUsage>
</ind_PK_UK>
<ind_PK_UK id="D30C1A8E-363D-A9F3-BC72-6FC32B76AF9C" name="Detallefactura_Factura_FK">
<createdBy>kelly</createdBy>
<createdTime>2023-03-28 08:15:02 UTC</createdTime>
<generatorID>98EE4E52-93B1-E67F-FD1C-FA5F0BB172D1</generatorID>
<ownerDesignName>core</ownerDesignName>
<indexState>Foreign Key</indexState>
<isSurrogateKey>false</isSurrogateKey>
<indexColumnUsage>
<colUsage columnID="D2C61553-8E18-2366-5310-318CB1C18E2D"/>
</indexColumnUsage>
</ind_PK_UK>
<ind_PK_UK id="D754E750-A34F-27E3-7061-0F2F1276EE1E" name="Detallefactura_Productos_FK">
<createdBy>kelly</createdBy>
<createdTime>2023-03-28 08:15:02 UTC</createdTime>
<generatorID>CD894CB1-25A8-6D8C-C51B-8ED65FB59A94</generatorID>
<ownerDesignName>core</ownerDesignName>
<indexState>Foreign Key</indexState>
<isSurrogateKey>false</isSurrogateKey>
<indexColumnUsage>
<colUsage columnID="239F08B7-C763-B516-1865-26E74DF40490"/>
<colUsage columnID="63E89A9C-6C15-582A-AAC5-3990F86F1741"/>
</indexColumnUsage>
</ind_PK_UK>
</indexes>
</Table>