<?xml version = '1.0' encoding = 'UTF-8'?>
<Table class="oracle.dbtools.crest.model.design.relational.Table" directorySegmentName="seg_0" id="D730670C-7A7E-2437-75B0-6BE6F72F06FC" name="Efectivo">
<createdBy>kelly</createdBy>
<createdTime>2023-03-28 08:15:02 UTC</createdTime>
<generatorID>8DB4FCE9-59EA-9832-3569-FD57D030A0DC</generatorID>
<ownerDesignName>core</ownerDesignName>
<allowColumnReorder>false</allowColumnReorder>
<existDependencyGenerateInDDl>true</existDependencyGenerateInDDl>
<parsed>true</parsed>
<columns itemClass="oracle.dbtools.crest.model.design.relational.Column">
<Column name="Metodo_de_pago_Id" id="25953860-934C-EF7E-7BF2-5A8D6A589EC8">
<createdBy>kelly</createdBy>
<createdTime>2023-03-28 08:15:02 UTC</createdTime>
<generatorID>BF2625BD-3016-EB71-BAC2-B39E3B20ABC1</generatorID>
<ownerDesignName>core</ownerDesignName>
<shouldEngineer>false</shouldEngineer>
<useDomainConstraints>false</useDomainConstraints>
<use>1</use>
<logicalDatatype>LOGDT025</logicalDatatype>
<dataTypeSize>30</dataTypeSize>
<ownDataTypeParameters>,,</ownDataTypeParameters>
<autoIncrementCycle>false</autoIncrementCycle>
<associations>
<colAssociation fkAssociation="68989E4A-C604-5E11-4151-8A8EA475F5E9" referredColumn="8E744BA1-46AD-E48D-A429-C31B4F4F6FD2"/>
</associations>
</Column>
<Column name="facturaId" id="6CB35A16-DBE2-FA27-47FE-A73BA88FD91C">
<createdBy>kelly</createdBy>
<createdTime>2023-03-28 08:15:02 UTC</createdTime>
<commentInRDBMS><![CDATA[fcatuda id]]></commentInRDBMS>
<generatorID>4C355B99-64F4-99D2-7497-1DC3661D14DE</generatorID>
<ownerDesignName>core</ownerDesignName>
<useDomainConstraints>false</useDomainConstraints>
<use>1</use>
<logicalDatatype>LOGDT057</logicalDatatype>
<dataTypeSize>32 CHAR</dataTypeSize>
<ownDataTypeParameters>32 CHAR,,</ownDataTypeParameters>
<autoIncrementCycle>false</autoIncrementCycle>
</Column>
</columns>
<indexes itemClass="oracle.dbtools.crest.model.design.relational.Index">
<ind_PK_UK id="BD3BBFF7-76CA-163C-3D08-C46363C3EDC4" name="Efectivo_PK">
<createdBy>kelly</createdBy>
<createdTime>2023-03-28 08:15:02 UTC</createdTime>
<generatorID>14C3F616-9DAB-A808-691B-E60AEE546409</generatorID>
<ownerDesignName>core</ownerDesignName>
<shouldEngineer>false</shouldEngineer>
<pk>true</pk>
<indexState>Primary Constraint</indexState>
<isSurrogateKey>false</isSurrogateKey>
<indexColumnUsage>
<colUsage columnID="25953860-934C-EF7E-7BF2-5A8D6A589EC8"/>
</indexColumnUsage>
</ind_PK_UK>
<ind_PK_UK id="C4209844-F2A0-0D39-028B-43A5998B975E" name="Efectivo_Metodo_pago_FK">
<createdBy>kelly</createdBy>
<createdTime>2023-03-28 08:15:02 UTC</createdTime>
<generatorID>52226778-437B-7780-894D-C9BE52159579</generatorID>
<ownerDesignName>core</ownerDesignName>
<indexState>Foreign Key</indexState>
<isSurrogateKey>false</isSurrogateKey>
<indexColumnUsage>
<colUsage columnID="25953860-934C-EF7E-7BF2-5A8D6A589EC8"/>
</indexColumnUsage>
</ind_PK_UK>
</indexes>
</Table>