<?xml version = '1.0' encoding = 'UTF-8'?>
<Table class="oracle.dbtools.crest.model.design.relational.Table" directorySegmentName="seg_0" id="DE574F6D-FAFB-1B8E-B666-D23CFD8C4B30" name="Cliente">
<createdBy>kelly</createdBy>
<createdTime>2023-03-28 08:15:02 UTC</createdTime>
<generatorID>4CDD1C41-0F59-CF5B-4B9E-88D8C1D675FF</generatorID>
<ownerDesignName>azuldi</ownerDesignName>
<allowColumnReorder>false</allowColumnReorder>
<existDependencyGenerateInDDl>true</existDependencyGenerateInDDl>
<parsed>true</parsed>
<columns itemClass="oracle.dbtools.crest.model.design.relational.Column">
<Column name="ClienteId" id="2B729EBC-78C6-DBF9-DC56-EAA0E84E2EA5">
<createdBy>kelly</createdBy>
<createdTime>2023-03-28 08:15:02 UTC</createdTime>
<commentInRDBMS><![CDATA[Código único para cada cliente]]></commentInRDBMS>
<generatorID>F16B7C2B-1E01-6841-3B3E-B13886C339B6</generatorID>
<ownerDesignName>azuldi</ownerDesignName>
<useDomainConstraints>false</useDomainConstraints>
<use>1</use>
<logicalDatatype>LOGDT057</logicalDatatype>
<dataTypeSize>15 CHAR</dataTypeSize>
<ownDataTypeParameters>15 CHAR,,</ownDataTypeParameters>
<autoIncrementCycle>false</autoIncrementCycle>
</Column>
<Column name="Nombre" id="42B5C5B8-334A-8F98-1F05-038628542779">
<createdBy>kelly</createdBy>
<createdTime>2023-03-28 08:15:02 UTC</createdTime>
<commentInRDBMS><![CDATA[Registrar nombre del cliente]]></commentInRDBMS>
<generatorID>08DFF9E8-F69F-538D-2952-4B7295FFF633</generatorID>
<ownerDesignName>azuldi</ownerDesignName>
<useDomainConstraints>false</useDomainConstraints>
<use>1</use>
<logicalDatatype>LOGDT037</logicalDatatype>
<dataTypeSize>30 CHAR</dataTypeSize>
<ownDataTypeParameters>30 CHAR,,</ownDataTypeParameters>
<autoIncrementCycle>false</autoIncrementCycle>
</Column>
<Column name="Apellido" id="322D8D88-A206-ED70-E462-676A439F13F5">
<createdBy>kelly</createdBy>
<createdTime>2023-03-28 08:15:02 UTC</createdTime>
<commentInRDBMS><![CDATA[Registrar apellido del cliente]]></commentInRDBMS>
<generatorID>33C87A5E-0278-3F19-86D7-E31D0FC61469</generatorID>
<ownerDesignName>azuldi</ownerDesignName>
<useDomainConstraints>false</useDomainConstraints>
<use>1</use>
<logicalDatatype>LOGDT037</logicalDatatype>
<dataTypeSize>30 CHAR</dataTypeSize>
<ownDataTypeParameters>30 CHAR,,</ownDataTypeParameters>
<autoIncrementCycle>false</autoIncrementCycle>
</Column>
<Column name="Telefono" id="DAAC8F26-B466-EF53-5997-B57F218ED352">
<createdBy>kelly</createdBy>
<createdTime>2023-03-28 08:15:02 UTC</createdTime>
<commentInRDBMS><![CDATA[Registrar numero de telefono del cliente]]></commentInRDBMS>
<generatorID>BD39F861-E11E-76FB-9702-78C28744B58F</generatorID>
<ownerDesignName>azuldi</ownerDesignName>
<useDomainConstraints>false</useDomainConstraints>
<use>1</use>
<logicalDatatype>LOGDT037</logicalDatatype>
<dataTypeSize>20 CHAR</dataTypeSize>
<ownDataTypeParameters>20 CHAR,,</ownDataTypeParameters>
<autoIncrementCycle>false</autoIncrementCycle>
</Column>
<Column name="TipoDocumento" id="62E831AE-5E68-4AE6-3CA4-D540FAD869AB">
<createdBy>kelly</createdBy>
<createdTime>2023-03-28 08:15:02 UTC</createdTime>
<commentInRDBMS><![CDATA[Registrar tipo de documento del cliente]]></commentInRDBMS>
<generatorID>69427EDB-3E62-7477-7D2B-E5E72318DC1A</generatorID>
<ownerDesignName>azuldi</ownerDesignName>
<useDomainConstraints>false</useDomainConstraints>
<use>1</use>
<logicalDatatype>LOGDT037</logicalDatatype>
<dataTypeSize>30 CHAR</dataTypeSize>
<ownDataTypeParameters>30 CHAR,,</ownDataTypeParameters>
<autoIncrementCycle>false</autoIncrementCycle>
</Column>
<Column name="e-mail" id="4BF8CEF3-4002-1A82-4602-CF7EF11E8D9F">
<createdBy>kelly</createdBy>
<createdTime>2023-03-28 08:15:02 UTC</createdTime>
<commentInRDBMS><![CDATA[Registrarel e-mail del cliente]]></commentInRDBMS>
<generatorID>2D514DD7-EA08-7959-435B-78275AB665FE</generatorID>
<ownerDesignName>azuldi</ownerDesignName>
<nullsAllowed>true</nullsAllowed>
<useDomainConstraints>false</useDomainConstraints>
<use>1</use>
<logicalDatatype>LOGDT037</logicalDatatype>
<dataTypeSize>34 CHAR</dataTypeSize>
<ownDataTypeParameters>34 CHAR,,</ownDataTypeParameters>
<autoIncrementCycle>false</autoIncrementCycle>
</Column>
<Column name="Documento" id="22C395FA-0389-5DFC-19C2-5FBF0A99EE07">
<createdBy>kelly</createdBy>
<createdTime>2023-03-28 08:15:02 UTC</createdTime>
<commentInRDBMS><![CDATA[Registrarel número de identificación del cliente]]></commentInRDBMS>
<generatorID>62F1FB20-176E-4EE5-41B2-6A424A746DF9</generatorID>
<ownerDesignName>azuldi</ownerDesignName>
<useDomainConstraints>false</useDomainConstraints>
<use>1</use>
<logicalDatatype>LOGDT037</logicalDatatype>
<dataTypeSize>20 CHAR</dataTypeSize>
<ownDataTypeParameters>20 CHAR,,</ownDataTypeParameters>
<autoIncrementCycle>false</autoIncrementCycle>
</Column>
</columns>
<indexes itemClass="oracle.dbtools.crest.model.design.relational.Index">
<ind_PK_UK id="898C41CD-0FD5-288E-C6BE-4976FFD2C24B" name="Cliente_PK">
<createdBy>kelly</createdBy>
<createdTime>2023-03-28 08:15:02 UTC</createdTime>
<generatorID>488B0965-7942-F1AC-2D80-9603D29E8941</generatorID>
<ownerDesignName>azuldi</ownerDesignName>
<pk>true</pk>
<indexState>Primary Constraint</indexState>
<isSurrogateKey>false</isSurrogateKey>
<indexColumnUsage>
<colUsage columnID="2B729EBC-78C6-DBF9-DC56-EAA0E84E2EA5"/>
</indexColumnUsage>
</ind_PK_UK>
</indexes>
</Table>