<?xml version = '1.0' encoding = 'UTF-8'?>
<Table class="oracle.dbtools.crest.model.design.relational.Table" directorySegmentName="seg_0" id="F48155E5-8470-49A3-F975-798F276C7092" name="DatosContac_Emple">
<createdBy>kelly</createdBy>
<createdTime>2023-03-28 08:15:02 UTC</createdTime>
<generatorID>1E9D4733-7E5F-9A1C-9224-BFDB58670200</generatorID>
<ownerDesignName>core</ownerDesignName>
<allowColumnReorder>false</allowColumnReorder>
<existDependencyGenerateInDDl>true</existDependencyGenerateInDDl>
<parsed>true</parsed>
<columns itemClass="oracle.dbtools.crest.model.design.relational.Column">
<Column name="e-mail" id="28D82D13-7CE9-C55F-35AC-BE8CFC7F3274">
<createdBy>kelly</createdBy>
<createdTime>2023-03-28 08:15:02 UTC</createdTime>
<commentInRDBMS><![CDATA[email empleado]]></commentInRDBMS>
<generatorID>D7AF867F-FBE3-08E5-0BBD-98D0217CA79B</generatorID>
<ownerDesignName>core</ownerDesignName>
<useDomainConstraints>false</useDomainConstraints>
<use>1</use>
<logicalDatatype>LOGDT037</logicalDatatype>
<dataTypeSize>30 CHAR</dataTypeSize>
<ownDataTypeParameters>30 CHAR,,</ownDataTypeParameters>
<autoIncrementCycle>false</autoIncrementCycle>
</Column>
<Column name="Telefono" id="7025AB30-9E6A-D327-F0F7-89FF5342B240">
<createdBy>kelly</createdBy>
<createdTime>2023-03-28 08:15:02 UTC</createdTime>
<commentInRDBMS><![CDATA[telefono empleado]]></commentInRDBMS>
<generatorID>6AAC0E7D-5409-5C2D-6A6C-E7C732C755A8</generatorID>
<ownerDesignName>core</ownerDesignName>
<useDomainConstraints>false</useDomainConstraints>
<use>1</use>
<logicalDatatype>LOGDT037</logicalDatatype>
<dataTypeSize>30 CHAR</dataTypeSize>
<ownDataTypeParameters>30 CHAR,,</ownDataTypeParameters>
<autoIncrementCycle>false</autoIncrementCycle>
</Column>
<Column name="Dirección" id="97FBF9B8-2735-C6B1-F7F7-C63015962536">
<createdBy>kelly</createdBy>
<createdTime>2023-03-28 08:15:02 UTC</createdTime>
<commentInRDBMS><![CDATA[doreccion empleado]]></commentInRDBMS>
<generatorID>838BF202-E905-1C02-6647-BE775503CD3D</generatorID>
<ownerDesignName>core</ownerDesignName>
<useDomainConstraints>false</useDomainConstraints>
<use>1</use>
<logicalDatatype>LOGDT037</logicalDatatype>
<dataTypeSize>30 CHAR</dataTypeSize>
<ownDataTypeParameters>30 CHAR,,</ownDataTypeParameters>
<autoIncrementCycle>false</autoIncrementCycle>
</Column>
<Column name="Fecha_de_Creación" id="E16431FA-F409-35B0-2F4C-D706EA00B9A2">
<createdBy>kelly</createdBy>
<createdTime>2023-03-28 08:15:02 UTC</createdTime>
<commentInRDBMS><![CDATA[Fecha de Creación de datos]]></commentInRDBMS>
<generatorID>89823245-DDE7-5464-2580-DA40F715682D</generatorID>
<ownerDesignName>core</ownerDesignName>
<useDomainConstraints>false</useDomainConstraints>
<use>1</use>
<logicalDatatype>LOGDT037</logicalDatatype>
<ownDataTypeParameters>,,</ownDataTypeParameters>
<autoIncrementCycle>false</autoIncrementCycle>
</Column>
<Column name="Empleado_EmpleadoId" id="E7F70F7D-B8C5-7D89-D418-171A1EAAE63C">
<createdBy>kelly</createdBy>
<createdTime>2023-03-28 08:15:02 UTC</createdTime>
<generatorID>DA5671E7-E008-A745-216E-21AE046D1650</generatorID>
<ownerDesignName>core</ownerDesignName>
<useDomainConstraints>false</useDomainConstraints>
<use>1</use>
<logicalDatatype>LOGDT037</logicalDatatype>
<dataTypeSize>20 CHAR</dataTypeSize>
<ownDataTypeParameters>20 CHAR,,</ownDataTypeParameters>
<previousColumn>false</previousColumn>
<autoIncrementCycle>false</autoIncrementCycle>
<associations>
<colAssociation fkAssociation="D7392DBE-7EF3-5D07-6A3C-007E187576C3" referredColumn="1B318FA8-19D6-050B-9A35-49F9DBB657DE"/>
</associations>
</Column>
</columns>
<indexes itemClass="oracle.dbtools.crest.model.design.relational.Index">
<ind_PK_UK id="CBD4EFDA-47C9-15EF-AF24-05E16FB5C73F" name="Datos_Contac_Emple_PK">
<createdBy>kelly</createdBy>
<createdTime>2023-03-28 08:15:02 UTC</createdTime>
<generatorID>267F55DD-7E5A-574A-B333-EA84E2F8128D</generatorID>
<ownerDesignName>core</ownerDesignName>
<pk>true</pk>
<indexState>Primary Constraint</indexState>
<isSurrogateKey>false</isSurrogateKey>
<indexColumnUsage>
<colUsage columnID="E7F70F7D-B8C5-7D89-D418-171A1EAAE63C"/>
</indexColumnUsage>
</ind_PK_UK>
<ind_PK_UK id="B76634FB-D20E-7E21-FC2C-1A1C60D89BF0" name="DatosContac_Emple_Empleado_FK">
<createdBy>kelly</createdBy>
<createdTime>2023-03-28 08:15:02 UTC</createdTime>
<generatorID>B2982068-6D67-8FE2-FDF1-346A01CFADAC</generatorID>
<ownerDesignName>core</ownerDesignName>
<indexState>Foreign Key</indexState>
<isSurrogateKey>false</isSurrogateKey>
<indexColumnUsage>
<colUsage columnID="E7F70F7D-B8C5-7D89-D418-171A1EAAE63C"/>
</indexColumnUsage>
</ind_PK_UK>
</indexes>
</Table>