<?xml version = '1.0' encoding = 'UTF-8'?>
<Table class="oracle.dbtools.crest.model.design.relational.Table" directorySegmentName="seg_0" id="F4E38A79-ADB8-1F20-242B-6F3B224583F5" name="Metodo_pago">
<createdBy>kelly</createdBy>
<createdTime>2023-03-28 08:15:02 UTC</createdTime>
<generatorID>345D6907-DD68-1854-91E3-3AA70F65DD27</generatorID>
<ownerDesignName>core</ownerDesignName>
<allowColumnReorder>false</allowColumnReorder>
<existDependencyGenerateInDDl>true</existDependencyGenerateInDDl>
<parsed>true</parsed>
<columns itemClass="oracle.dbtools.crest.model.design.relational.Column">
<Column name="Metodo_de_pago_Id" id="8E744BA1-46AD-E48D-A429-C31B4F4F6FD2">
<createdBy>kelly</createdBy>
<createdTime>2023-03-28 08:15:02 UTC</createdTime>
<generatorID>BF2625BD-3016-EB71-BAC2-B39E3B20ABC1</generatorID>
<ownerDesignName>core</ownerDesignName>
<useDomainConstraints>false</useDomainConstraints>
<use>1</use>
<logicalDatatype>LOGDT025</logicalDatatype>
<dataTypeSize>30</dataTypeSize>
<ownDataTypeParameters>30,,</ownDataTypeParameters>
<autoIncrementCycle>false</autoIncrementCycle>
</Column>
<Column name="Fecha_Transacción" id="F8AF4B39-D8C2-1B36-B615-21AFE582A033">
<createdBy>kelly</createdBy>
<createdTime>2023-03-28 08:15:02 UTC</createdTime>
<commentInRDBMS><![CDATA[Fecha en que se realizo el pago de la compra]]></commentInRDBMS>
<generatorID>D16BFFF9-F851-09FF-9BCF-C3869FCDFB34</generatorID>
<ownerDesignName>core</ownerDesignName>
<useDomainConstraints>false</useDomainConstraints>
<use>1</use>
<logicalDatatype>LOGDT019</logicalDatatype>
<ownDataTypeParameters>,,</ownDataTypeParameters>
<autoIncrementCycle>false</autoIncrementCycle>
</Column>
<Column name="Factura_facturaId" id="7FC1FED7-B0A3-BDF8-397F-EFDB85767E3C">
<createdBy>kelly</createdBy>
<createdTime>2023-03-28 08:15:02 UTC</createdTime>
<generatorID>F16519F9-25F6-0A90-70E2-5BAE44B31F3C</generatorID>
<ownerDesignName>core</ownerDesignName>
<useDomainConstraints>false</useDomainConstraints>
<use>1</use>
<logicalDatatype>LOGDT057</logicalDatatype>
<dataTypeSize>32 CHAR</dataTypeSize>
<ownDataTypeParameters>32 CHAR,,</ownDataTypeParameters>
<previousColumn>false</previousColumn>
<autoIncrementCycle>false</autoIncrementCycle>
<associations>
<colAssociation fkAssociation="A2966FDA-3554-BF95-C4A8-C4555F5BE527" referredColumn="38B2D17C-9038-A3DE-2923-46D5C4E6BDC2"/>
</associations>
</Column>
<Column name="facturaId" id="F35458AB-576B-C822-B3CC-7CF3989A9503">
<createdBy>kelly</createdBy>
<createdTime>2023-04-11 09:48:35 UTC</createdTime>
<generatorID>9D08B71F-02AB-CDDB-642F-BC9B0172DD44</generatorID>
<ownerDesignName>core</ownerDesignName>
<useDomainConstraints>false</useDomainConstraints>
<use>1</use>
<logicalDatatype>LOGDT037</logicalDatatype>
<ownDataTypeParameters>,,</ownDataTypeParameters>
<previousColumn>false</previousColumn>
<autoIncrementCycle>false</autoIncrementCycle>
</Column>
</columns>
<indexes itemClass="oracle.dbtools.crest.model.design.relational.Index">
<ind_PK_UK id="043E14EB-D466-15BA-1994-EE7A09742AC7" name="Metodo_pago_PK">
<createdBy>kelly</createdBy>
<createdTime>2023-03-28 08:15:02 UTC</createdTime>
<generatorID>14C3F616-9DAB-A808-691B-E60AEE546409</generatorID>
<ownerDesignName>core</ownerDesignName>
<shouldEngineer>false</shouldEngineer>
<pk>true</pk>
<indexState>Primary Constraint</indexState>
<isSurrogateKey>false</isSurrogateKey>
<indexColumnUsage>
<colUsage columnID="8E744BA1-46AD-E48D-A429-C31B4F4F6FD2"/>
</indexColumnUsage>
</ind_PK_UK>
<ind_PK_UK id="F91C67EE-9AB2-51F4-2C5C-95DAB65806C9" name="Metodo_pago_Factura_FK">
<createdBy>kelly</createdBy>
<createdTime>2023-03-28 08:15:02 UTC</createdTime>
<generatorID>C2549902-CC27-F6F7-A12E-494C4FF5EBD3</generatorID>
<ownerDesignName>core</ownerDesignName>
<indexState>Foreign Key</indexState>
<isSurrogateKey>false</isSurrogateKey>
<indexColumnUsage>
<colUsage columnID="7FC1FED7-B0A3-BDF8-397F-EFDB85767E3C"/>
</indexColumnUsage>
</ind_PK_UK>
</indexes>
</Table>