<?xml version = '1.0' encoding = 'UTF-8'?>
<Table class="oracle.dbtools.crest.model.design.relational.Table" directorySegmentName="seg_0" id="F657800A-4A9A-83BE-57CD-5F78C4A59C69" name="Empleado">
<createdBy>kelly</createdBy>
<createdTime>2023-03-28 08:15:02 UTC</createdTime>
<generatorID>7A6ECA47-C32A-DE18-D873-FBE796789A23</generatorID>
<ownerDesignName>core</ownerDesignName>
<allowColumnReorder>false</allowColumnReorder>
<existDependencyGenerateInDDl>true</existDependencyGenerateInDDl>
<parsed>true</parsed>
<columns itemClass="oracle.dbtools.crest.model.design.relational.Column">
<Column name="EmpleadoId" id="1B318FA8-19D6-050B-9A35-49F9DBB657DE">
<createdBy>kelly</createdBy>
<createdTime>2023-03-28 08:15:02 UTC</createdTime>
<commentInRDBMS><![CDATA[Identificador único para cada empleado]]></commentInRDBMS>
<generatorID>97419FE2-EC0C-446F-CF3F-F03EA73A0AA9</generatorID>
<ownerDesignName>core</ownerDesignName>
<useDomainConstraints>false</useDomainConstraints>
<use>1</use>
<logicalDatatype>LOGDT037</logicalDatatype>
<dataTypeSize>20 CHAR</dataTypeSize>
<ownDataTypeParameters>20 CHAR,,</ownDataTypeParameters>
<autoIncrementCycle>false</autoIncrementCycle>
</Column>
<Column name="Nombre" id="6A1EC8E5-6E8D-53BD-F90F-ED9FDDD7DB6D">
<createdBy>kelly</createdBy>
<createdTime>2023-03-28 08:15:02 UTC</createdTime>
<commentInRDBMS><![CDATA[Nombre del empleado]]></commentInRDBMS>
<generatorID>36682B2F-8AC3-65A0-DF5B-632682E406D0</generatorID>
<ownerDesignName>core</ownerDesignName>
<useDomainConstraints>false</useDomainConstraints>
<use>1</use>
<logicalDatatype>LOGDT037</logicalDatatype>
<dataTypeSize>30 CHAR</dataTypeSize>
<ownDataTypeParameters>30 CHAR,,</ownDataTypeParameters>
<autoIncrementCycle>false</autoIncrementCycle>
</Column>
<Column name="Apellido" id="55E6311E-D36C-5FA7-7E8F-BFE9863E934E">
<createdBy>kelly</createdBy>
<createdTime>2023-03-28 08:15:02 UTC</createdTime>
<commentInRDBMS><![CDATA[Apellido del empleado]]></commentInRDBMS>
<generatorID>8F4CB953-4CB5-D5CA-A182-AE6CBC3831F5</generatorID>
<ownerDesignName>core</ownerDesignName>
<useDomainConstraints>false</useDomainConstraints>
<use>1</use>
<logicalDatatype>LOGDT037</logicalDatatype>
<dataTypeSize>30 CHAR</dataTypeSize>
<ownDataTypeParameters>30 CHAR,,</ownDataTypeParameters>
<autoIncrementCycle>false</autoIncrementCycle>
</Column>
<Column name="Cargo" id="90389A03-64D9-33F0-879C-968D39DAD051">
<createdBy>kelly</createdBy>
<createdTime>2023-03-28 08:15:02 UTC</createdTime>
<commentInRDBMS><![CDATA[Cargo del empleado]]></commentInRDBMS>
<generatorID>EB345639-3C7C-64D3-DD13-6B2EE5FBB309</generatorID>
<ownerDesignName>core</ownerDesignName>
<useDomainConstraints>false</useDomainConstraints>
<use>1</use>
<logicalDatatype>LOGDT037</logicalDatatype>
<dataTypeSize>30</dataTypeSize>
<ownDataTypeParameters>30,,</ownDataTypeParameters>
<autoIncrementCycle>false</autoIncrementCycle>
</Column>
<Column name="Fecha_inicio_labor" id="ED0F1FC0-2693-CF85-BF67-0C20076E2F34">
<createdBy>kelly</createdBy>
<createdTime>2023-03-28 08:15:02 UTC</createdTime>
<commentInRDBMS><![CDATA[Fecha en que inicio el cargo en la empresa]]></commentInRDBMS>
<generatorID>114B4D82-B2AB-09E1-BBC0-1BFA0997712D</generatorID>
<ownerDesignName>core</ownerDesignName>
<useDomainConstraints>false</useDomainConstraints>
<use>1</use>
<logicalDatatype>LOGDT007</logicalDatatype>
<ownDataTypeParameters>,,</ownDataTypeParameters>
<autoIncrementCycle>false</autoIncrementCycle>
</Column>
<Column name="Fecha_fin_labor" id="EA355E6E-2ED2-DB03-BD22-A0FDFD592E49">
<createdBy>kelly</createdBy>
<createdTime>2023-03-28 08:15:02 UTC</createdTime>
<commentInRDBMS><![CDATA[Fecha en que inicio el cargo en la empresa]]></commentInRDBMS>
<generatorID>0861085A-57E0-BB5E-A250-7F5A64895FCE</generatorID>
<ownerDesignName>core</ownerDesignName>
<useDomainConstraints>false</useDomainConstraints>
<use>1</use>
<logicalDatatype>LOGDT007</logicalDatatype>
<ownDataTypeParameters>,,</ownDataTypeParameters>
<autoIncrementCycle>false</autoIncrementCycle>
</Column>
<Column name="Factura_facturaId" id="BF8CDE85-60EF-05D4-6B36-BF97CBC3DEAB">
<createdBy>kelly</createdBy>
<createdTime>2023-03-28 08:15:02 UTC</createdTime>
<generatorID>F3BFCBE1-168A-BD20-23F8-4E6E5D14755B</generatorID>
<ownerDesignName>core</ownerDesignName>
<useDomainConstraints>false</useDomainConstraints>
<use>1</use>
<logicalDatatype>LOGDT057</logicalDatatype>
<dataTypeSize>32 CHAR</dataTypeSize>
<ownDataTypeParameters>32 CHAR,,</ownDataTypeParameters>
<previousColumn>false</previousColumn>
<autoIncrementCycle>false</autoIncrementCycle>
<associations>
<colAssociation fkAssociation="D2889DAB-6CFA-C987-4F9F-5ED4D29B1BDF" referredColumn="38B2D17C-9038-A3DE-2923-46D5C4E6BDC2"/>
</associations>
</Column>
<Column name="facturaId" id="0AE7C525-B0F9-5FB8-7F94-E50C5973A6A9">
<createdBy>kelly</createdBy>
<createdTime>2023-04-11 09:48:35 UTC</createdTime>
<commentInRDBMS><![CDATA[ventas realizadas]]></commentInRDBMS>
<generatorID>473E6E1E-CD7F-F772-C2A0-6FCA3BB9F0D8</generatorID>
<ownerDesignName>core</ownerDesignName>
<useDomainConstraints>false</useDomainConstraints>
<use>1</use>
<logicalDatatype>LOGDT037</logicalDatatype>
<ownDataTypeParameters>,,</ownDataTypeParameters>
<previousColumn>false</previousColumn>
<autoIncrementCycle>false</autoIncrementCycle>
</Column>
</columns>
<indexes itemClass="oracle.dbtools.crest.model.design.relational.Index">
<ind_PK_UK id="160001F1-8263-F52C-B2C5-E52E0F9C258D" name="Empleado_PK">
<createdBy>kelly</createdBy>
<createdTime>2023-03-28 08:15:02 UTC</createdTime>
<generatorID>7433ED7C-A9D4-BE7A-7137-E611D4138662</generatorID>
<ownerDesignName>core</ownerDesignName>
<pk>true</pk>
<indexState>Primary Constraint</indexState>
<isSurrogateKey>false</isSurrogateKey>
<indexColumnUsage>
<colUsage columnID="1B318FA8-19D6-050B-9A35-49F9DBB657DE"/>
</indexColumnUsage>
</ind_PK_UK>
<ind_PK_UK id="F3E14A97-6F38-ED39-07F2-9EEA4C2E598C" name="Empleado_Factura_FK">
<createdBy>kelly</createdBy>
<createdTime>2023-03-28 08:15:02 UTC</createdTime>
<generatorID>88FDCB78-6B54-BF6F-6FEC-2182A60965EB</generatorID>
<ownerDesignName>core</ownerDesignName>
<indexState>Foreign Key</indexState>
<isSurrogateKey>false</isSurrogateKey>
<indexColumnUsage>
<colUsage columnID="BF8CDE85-60EF-05D4-6B36-BF97CBC3DEAB"/>
</indexColumnUsage>
</ind_PK_UK>
</indexes>
</Table>