<?xml version = '1.0' encoding = 'UTF-8'?>
<Table class="oracle.dbtools.crest.model.design.relational.Table" directorySegmentName="seg_0" id="FC4B7C91-011F-7606-D182-EA2B20584759" name="Proveedores">
<createdBy>kelly</createdBy>
<createdTime>2023-03-28 08:15:02 UTC</createdTime>
<generatorID>817026DA-3854-6D01-CC9F-7E1A04F031CB</generatorID>
<ownerDesignName>core</ownerDesignName>
<allowColumnReorder>false</allowColumnReorder>
<existDependencyGenerateInDDl>true</existDependencyGenerateInDDl>
<parsed>true</parsed>
<columns itemClass="oracle.dbtools.crest.model.design.relational.Column">
<Column name="proveedoresid" id="C1D9A273-920B-D31C-5963-CFE83AE3FFC6">
<createdBy>kelly</createdBy>
<createdTime>2023-03-28 08:15:02 UTC</createdTime>
<commentInRDBMS><![CDATA[id de proveedor]]></commentInRDBMS>
<generatorID>C215AB86-040E-B6A7-999B-1ED3FA99F792</generatorID>
<ownerDesignName>core</ownerDesignName>
<useDomainConstraints>false</useDomainConstraints>
<use>1</use>
<logicalDatatype>LOGDT037</logicalDatatype>
<dataTypeSize>32 CHAR</dataTypeSize>
<ownDataTypeParameters>32 CHAR,,</ownDataTypeParameters>
<autoIncrementCycle>false</autoIncrementCycle>
</Column>
<Column name="Nombre" id="038892A3-49C8-7FEA-859E-856609F033CC">
<createdBy>kelly</createdBy>
<createdTime>2023-03-28 08:15:02 UTC</createdTime>
<commentInRDBMS><![CDATA[nombre del proveedor]]></commentInRDBMS>
<generatorID>D7648F64-4DB4-A638-6C16-F75356B03D45</generatorID>
<ownerDesignName>core</ownerDesignName>
<useDomainConstraints>false</useDomainConstraints>
<use>1</use>
<logicalDatatype>LOGDT037</logicalDatatype>
<dataTypeSize>32 CHAR</dataTypeSize>
<ownDataTypeParameters>32 CHAR,,</ownDataTypeParameters>
<autoIncrementCycle>false</autoIncrementCycle>
</Column>
<Column name="direccion" id="69B0F6AB-BDF4-9B6A-7F5C-8FDA28ABD5DA">
<createdBy>kelly</createdBy>
<createdTime>2023-03-28 08:15:02 UTC</createdTime>
<commentInRDBMS><![CDATA[direccion del proveedor]]></commentInRDBMS>
<generatorID>9538E723-7B8E-F94A-2B8A-EC1970D6915A</generatorID>
<ownerDesignName>core</ownerDesignName>
<useDomainConstraints>false</useDomainConstraints>
<use>1</use>
<logicalDatatype>LOGDT037</logicalDatatype>
<dataTypeSize>32 CHAR</dataTypeSize>
<ownDataTypeParameters>32 CHAR,,</ownDataTypeParameters>
<autoIncrementCycle>false</autoIncrementCycle>
</Column>
<Column name="telefono" id="15223873-50AD-13C8-A905-5F1CC7534B20">
<createdBy>kelly</createdBy>
<createdTime>2023-04-11 09:48:35 UTC</createdTime>
<commentInRDBMS><![CDATA[telefono del proveedor]]></commentInRDBMS>
<generatorID>6415D4F8-B4A8-B350-2D29-2E62426F596A</generatorID>
<ownerDesignName>core</ownerDesignName>
<useDomainConstraints>false</useDomainConstraints>
<use>1</use>
<logicalDatatype>LOGDT025</logicalDatatype>
<dataTypeSize>30</dataTypeSize>
<ownDataTypeParameters>30,,</ownDataTypeParameters>
<autoIncrementCycle>false</autoIncrementCycle>
</Column>
<Column name="DocumentoIdentidad" id="8BA4DDED-0EA7-F8FF-A619-E5FFB5BB5D93">
<createdBy>kelly</createdBy>
<createdTime>2023-04-11 09:48:35 UTC</createdTime>
<commentInRDBMS><![CDATA[documento de identidad del proveedor]]></commentInRDBMS>
<generatorID>BDFC3DD4-EFD6-70B4-E966-3DAA4905845D</generatorID>
<ownerDesignName>core</ownerDesignName>
<useDomainConstraints>false</useDomainConstraints>
<use>1</use>
<logicalDatatype>LOGDT025</logicalDatatype>
<dataTypeSize>15</dataTypeSize>
<ownDataTypeParameters>15,,</ownDataTypeParameters>
<autoIncrementCycle>false</autoIncrementCycle>
</Column>
<Column name="Cuentabancaria" id="F16F3BBF-E1C5-2931-61E1-B56770A9333B">
<createdBy>kelly</createdBy>
<createdTime>2023-04-11 09:48:35 UTC</createdTime>
<commentInRDBMS><![CDATA[cuenta bancaria del proveedor]]></commentInRDBMS>
<generatorID>129EAC47-8EE6-278A-7749-93D9AA874370</generatorID>
<ownerDesignName>core</ownerDesignName>
<useDomainConstraints>false</useDomainConstraints>
<use>1</use>
<logicalDatatype>LOGDT025</logicalDatatype>
<ownDataTypeParameters>,,</ownDataTypeParameters>
<autoIncrementCycle>false</autoIncrementCycle>
</Column>
<Column name="correo" id="973FA9F0-BA2F-BBFD-533D-EF9374B498C4">
<createdBy>kelly</createdBy>
<createdTime>2023-04-11 09:48:35 UTC</createdTime>
<commentInRDBMS><![CDATA[correo del proveedor]]></commentInRDBMS>
<generatorID>1CB3C289-9D05-6C6D-64C0-E506711DBBD2</generatorID>
<ownerDesignName>core</ownerDesignName>
<useDomainConstraints>false</useDomainConstraints>
<use>1</use>
<logicalDatatype>LOGDT025</logicalDatatype>
<dataTypeSize>50</dataTypeSize>
<ownDataTypeParameters>50,,</ownDataTypeParameters>
<autoIncrementCycle>false</autoIncrementCycle>
</Column>
</columns>
<indexes itemClass="oracle.dbtools.crest.model.design.relational.Index">
<ind_PK_UK id="2AC935AB-A5DB-90D8-FD97-F5C11CCCDC7E" name="proveedores_PK">
<createdBy>kelly</createdBy>
<createdTime>2023-03-28 08:15:02 UTC</createdTime>
<generatorID>99E87F43-8304-EA12-F5D1-73C5DD8341FC</generatorID>
<ownerDesignName>core</ownerDesignName>
<pk>true</pk>
<indexState>Primary Constraint</indexState>
<isSurrogateKey>false</isSurrogateKey>
<indexColumnUsage>
<colUsage columnID="C1D9A273-920B-D31C-5963-CFE83AE3FFC6"/>
</indexColumnUsage>
</ind_PK_UK>
</indexes>
</Table>