<?xml version = '1.0' encoding = 'UTF-8'?>
<Diagram class="oracle.dbtools.crest.swingui.relational.DPVRelational" name="Relational_1" id="A172A57E-5F3C-C19C-5168-6D3CB5EEEB4C">
<createdBy>Ambiente</createdBy>
<modifiedBy>Ambiente</modifiedBy>
<createdTime>2023-02-27 23:34:44 UTC</createdTime>
<autoRoute>false</autoRoute>
<boxInbox>true</boxInbox>
<showLegend>false</showLegend>
<showLabels>false</showLabels>
<showRelAttributes>false</showRelAttributes>
<gridEnabled>false</gridEnabled>
<showGrid>false</showGrid>
<diagramColor>-1</diagramColor>
<display>false</display>
<notation>1</notation>
<objectViews>
<OView class="oracle.dbtools.crest.swingui.relational.TVTable" oid="0D8912D8-0A39-7C92-3217-B1FCF7B151F8" otype="Table" vid="23B5D4BB-8013-FC43-70C8-5E9159973710">
<hideElementsInCurrentOnly>false</hideElementsInCurrentOnly>
<bounds x="1151" y="119" width="184" height="97"/>
</OView>
<OView class="oracle.dbtools.crest.swingui.relational.TVTable" oid="37E79240-450A-35D7-DA64-19CCAFB83A1E" otype="Table" vid="530E1E98-3DD3-6B6C-323D-FC9DD77E1BBF">
<hideElementsInCurrentOnly>false</hideElementsInCurrentOnly>
<bounds x="1441" y="0" width="178" height="186"/>
</OView>
<OView class="oracle.dbtools.crest.swingui.relational.TVTable" oid="52B2EF78-FC7C-D5A5-401B-6A3FB25ED993" otype="Table" vid="1BC50844-136F-270C-3C93-035919CF927B">
<hideElementsInCurrentOnly>false</hideElementsInCurrentOnly>
<bounds x="1196" y="439" width="193" height="121"/>
</OView>
<OView class="oracle.dbtools.crest.swingui.relational.TVTable" oid="533F1B5F-4727-17FF-B85E-1CEA19D35918" otype="Table" vid="719C2111-BDC5-9E9A-5251-B3B6C6415EE8">
<hideElementsInCurrentOnly>false</hideElementsInCurrentOnly>
<bounds x="572" y="188" width="202" height="164"/>
</OView>
<OView class="oracle.dbtools.crest.swingui.relational.TVTable" oid="5CA2AAF0-5931-D602-DCE4-72B6E9A826FD" otype="Table" vid="DE047D8D-0506-B97D-2F9E-DDC7D0C64D33">
<hideElementsInCurrentOnly>false</hideElementsInCurrentOnly>
<bounds x="1472" y="273" width="170" height="110"/>
</OView>
<OView class="oracle.dbtools.crest.swingui.relational.TVTable" oid="620F0F59-F29B-DAE4-09E4-DD2C9192AA88" otype="Table" vid="9D21946B-FC2E-89B9-3026-8BBE0AA9A25E">
<hideElementsInCurrentOnly>false</hideElementsInCurrentOnly>
<bounds x="1482" y="553" width="170" height="110"/>
</OView>
<OView class="oracle.dbtools.crest.swingui.relational.TVTable" oid="6D94705E-341F-06EA-90E2-4BC7865F596E" otype="Table" vid="AE7106EC-D12B-B0F7-0AD1-0B4D51E63FED">
<hideElementsInCurrentOnly>false</hideElementsInCurrentOnly>
<bounds x="846" y="599" width="170" height="110"/>
</OView>
<OView class="oracle.dbtools.crest.swingui.relational.TVTable" oid="754CC02E-E088-92F6-2EED-78E8A1E073BB" otype="Table" vid="71B124FE-94C6-9423-450D-9C0F84A2B149">
<hideElementsInCurrentOnly>false</hideElementsInCurrentOnly>
<bounds x="991" y="293" width="166" height="101"/>
</OView>
<OView class="oracle.dbtools.crest.swingui.relational.TVTable" oid="7B8B4381-A1F0-A181-2527-83A3D1382DAB" otype="Table" vid="C31AC6DC-67D6-8410-221E-73E1CFDA3E34">
<hideElementsInCurrentOnly>false</hideElementsInCurrentOnly>
<bounds x="582" y="517" width="140" height="95"/>
</OView>
<OView class="oracle.dbtools.crest.swingui.relational.TVTable" oid="98F37AFF-3D5D-2FB1-A32B-2DC168FA2C4A" otype="Table" vid="2AD89DED-FB88-18C8-73FC-59C12605FC50">
<hideElementsInCurrentOnly>false</hideElementsInCurrentOnly>
<bounds x="0" y="529" width="170" height="110"/>
</OView>
<OView class="oracle.dbtools.crest.swingui.relational.TVTable" oid="A123FAB1-424A-43F0-69F3-919DD3B2E4DB" otype="Table" vid="E762B693-9B66-7571-F250-E9BEF50B4409">
<hideElementsInCurrentOnly>false</hideElementsInCurrentOnly>
<bounds x="840" y="435" width="170" height="110"/>
</OView>
<OView class="oracle.dbtools.crest.swingui.relational.TVTable" oid="B3BE8C26-63C8-200B-CA9C-EBE0B7D9354B" otype="Table" vid="8CE12779-33E2-53AA-E5C6-87C91AC3003D">
<hideElementsInCurrentOnly>false</hideElementsInCurrentOnly>
<bounds x="856" y="759" width="170" height="110"/>
</OView>
<OView class="oracle.dbtools.crest.swingui.relational.TVTable" oid="BCEE7755-8CF4-EDAA-51F5-DA873C9BB408" otype="Table" vid="BF4089DF-527A-AEEB-77FD-201975351596">
<hideElementsInCurrentOnly>false</hideElementsInCurrentOnly>
<bounds x="606" y="19" width="169" height="105"/>
</OView>
<OView class="oracle.dbtools.crest.swingui.relational.TVTable" oid="D730670C-7A7E-2437-75B0-6BE6F72F06FC" otype="Table" vid="D08A21FA-9610-42EE-3FF6-88944298ACDC">
<hideElementsInCurrentOnly>false</hideElementsInCurrentOnly>
<bounds x="421" y="514" width="150" height="90"/>
</OView>
<OView class="oracle.dbtools.crest.swingui.relational.TVTable" oid="DE574F6D-FAFB-1B8E-B666-D23CFD8C4B30" otype="Table" vid="AD101C11-C7F8-0776-F296-EA63E4F16A05">
<hideElementsInCurrentOnly>false</hideElementsInCurrentOnly>
<bounds x="55" y="36" width="238" height="162"/>
</OView>
<OView class="oracle.dbtools.crest.swingui.relational.TVTable" oid="F48155E5-8470-49A3-F975-798F276C7092" otype="Table" vid="209876D1-2221-17C8-7CB8-C7C3F2CF0117">
<hideElementsInCurrentOnly>false</hideElementsInCurrentOnly>
<bounds x="194" y="534" width="170" height="95"/>
</OView>
<OView class="oracle.dbtools.crest.swingui.relational.TVTable" oid="F4E38A79-ADB8-1F20-242B-6F3B224583F5" otype="Table" vid="CE993030-170A-4AF1-1CD9-035A5D46741F">
<hideElementsInCurrentOnly>false</hideElementsInCurrentOnly>
<bounds x="409" y="449" width="330" height="173"/>
</OView>
<OView class="oracle.dbtools.crest.swingui.relational.TVTable" oid="F657800A-4A9A-83BE-57CD-5F78C4A59C69" otype="Table" vid="8A698747-701A-2D7F-8BB8-FB07C719F2C6">
<hideElementsInCurrentOnly>false</hideElementsInCurrentOnly>
<bounds x="43" y="291" width="216" height="131"/>
</OView>
<OView class="oracle.dbtools.crest.swingui.relational.TVTable" oid="FC4B7C91-011F-7606-D182-EA2B20584759" otype="Table" vid="EA7FEA3A-C252-364A-1AD7-F11DED4EF057">
<hideElementsInCurrentOnly>false</hideElementsInCurrentOnly>
<bounds x="862" y="0" width="170" height="130"/>
</OView>
</objectViews>
<connectors>
<Connector class="oracle.dbtools.crest.swingui.relational.TVFKRelation" oid="0019EFB5-3729-15C6-86CB-9CF3E100C737" otype="FKIndexAssociation" vid_source="1BC50844-136F-270C-3C93-035919CF927B" vid_target="71B124FE-94C6-9423-450D-9C0F84A2B149">
<hideElementsInCurrentOnly>false</hideElementsInCurrentOnly>
<backgroundColor>-16777216</backgroundColor>
<lineWidth>1</lineWidth>
<points>
<point x="1207" y="439"/>
<point x="1144" y="394"/>
</points>
</Connector>
<Connector class="oracle.dbtools.crest.swingui.relational.TVFKRelation" oid="01211406-0E6E-3FCA-A551-165F1C5E95CD" otype="FKIndexAssociation" vid_source="8A698747-701A-2D7F-8BB8-FB07C719F2C6" vid_target="2AD89DED-FB88-18C8-73FC-59C12605FC50">
<hideElementsInCurrentOnly>false</hideElementsInCurrentOnly>
<backgroundColor>-16777216</backgroundColor>
<lineWidth>1</lineWidth>
<points>
<point x="106" y="422"/>
<point x="106" y="529"/>
</points>
</Connector>
<Connector class="oracle.dbtools.crest.swingui.relational.TVFKRelation" oid="06069273-E751-7363-54D8-0866BA3916E5" otype="FKIndexAssociation" vid_source="23B5D4BB-8013-FC43-70C8-5E9159973710" vid_target="530E1E98-3DD3-6B6C-323D-FC9DD77E1BBF">
<hideElementsInCurrentOnly>false</hideElementsInCurrentOnly>
<backgroundColor>-16777216</backgroundColor>
<lineWidth>1</lineWidth>
<points>
<point x="1335" y="152"/>
<point x="1441" y="152"/>
</points>
</Connector>
<Connector class="oracle.dbtools.crest.swingui.relational.TVFKRelation" oid="0FA1CAD1-0B60-B3BC-8932-31A4BB8AD4DA" otype="FKIndexAssociation" vid_source="71B124FE-94C6-9423-450D-9C0F84A2B149" vid_target="23B5D4BB-8013-FC43-70C8-5E9159973710">
<hideElementsInCurrentOnly>false</hideElementsInCurrentOnly>
<backgroundColor>-16777216</backgroundColor>
<lineWidth>1</lineWidth>
<points>
<point x="1154" y="293"/>
<point x="1154" y="216"/>
</points>
</Connector>
<Connector class="oracle.dbtools.crest.swingui.relational.TVFKRelation" oid="2A69F3AC-6BD8-16B5-87C4-BD1CF6964FED" otype="FKIndexAssociation" vid_source="719C2111-BDC5-9E9A-5251-B3B6C6415EE8" vid_target="BF4089DF-527A-AEEB-77FD-201975351596">
<hideElementsInCurrentOnly>false</hideElementsInCurrentOnly>
<backgroundColor>-16777216</backgroundColor>
<lineWidth>1</lineWidth>
<points>
<point x="690" y="188"/>
<point x="690" y="124"/>
</points>
</Connector>
<Connector class="oracle.dbtools.crest.swingui.relational.TVFKRelation" oid="4210E2E7-DA57-5672-EB70-EC98D65185E3" otype="FKIndexAssociation" vid_source="9D21946B-FC2E-89B9-3026-8BBE0AA9A25E" vid_target="1BC50844-136F-270C-3C93-035919CF927B">
<hideElementsInCurrentOnly>false</hideElementsInCurrentOnly>
<backgroundColor>-16777216</backgroundColor>
<lineWidth>1</lineWidth>
<points>
<point x="1482" y="556"/>
<point x="1389" y="556"/>
</points>
</Connector>
<Connector class="oracle.dbtools.crest.swingui.relational.TVFKRelation" oid="47D3F4C3-15C6-C4D5-20B2-B10234CE7E70" otype="FKIndexAssociation" vid_source="EA7FEA3A-C252-364A-1AD7-F11DED4EF057" vid_target="530E1E98-3DD3-6B6C-323D-FC9DD77E1BBF">
<hideElementsInCurrentOnly>false</hideElementsInCurrentOnly>
<backgroundColor>-16777216</backgroundColor>
<lineWidth>1</lineWidth>
<points>
<point x="1032" y="65"/>
<point x="1441" y="65"/>
</points>
</Connector>
<Connector class="oracle.dbtools.crest.swingui.relational.TVFKRelation" oid="68989E4A-C604-5E11-4151-8A8EA475F5E9" otype="FKIndexAssociation" vid_source="CE993030-170A-4AF1-1CD9-035A5D46741F" vid_target="D08A21FA-9610-42EE-3FF6-88944298ACDC">
<hideElementsInCurrentOnly>false</hideElementsInCurrentOnly>
<backgroundColor>-16777216</backgroundColor>
<lineWidth>1</lineWidth>
<points>
<point x="739" y="622"/>
<point x="571" y="604"/>
</points>
</Connector>
<Connector class="oracle.dbtools.crest.swingui.relational.TVFKRelation" oid="8764273E-870D-6D6A-70AC-E04B30C8BF74" otype="FKIndexAssociation" vid_source="CE993030-170A-4AF1-1CD9-035A5D46741F" vid_target="C31AC6DC-67D6-8410-221E-73E1CFDA3E34">
<hideElementsInCurrentOnly>false</hideElementsInCurrentOnly>
<backgroundColor>-16777216</backgroundColor>
<lineWidth>1</lineWidth>
<points>
<point x="739" y="622"/>
<point x="722" y="612"/>
</points>
</Connector>
<Connector class="oracle.dbtools.crest.swingui.relational.TVFKRelation" oid="8CFB14C0-07EA-24EF-53AF-6CED8935F4D4" otype="FKIndexAssociation" vid_source="9D21946B-FC2E-89B9-3026-8BBE0AA9A25E" vid_target="DE047D8D-0506-B97D-2F9E-DDC7D0C64D33">
<hideElementsInCurrentOnly>false</hideElementsInCurrentOnly>
<backgroundColor>-16777216</backgroundColor>
<lineWidth>1</lineWidth>
<points>
<point x="1562" y="553"/>
<point x="1562" y="383"/>
</points>
</Connector>
<Connector class="oracle.dbtools.crest.swingui.relational.TVFKRelation" oid="8D035BCE-BFC6-25EB-8504-B9B6D96B0530" otype="FKIndexAssociation" vid_source="8CE12779-33E2-53AA-E5C6-87C91AC3003D" vid_target="AE7106EC-D12B-B0F7-0AD1-0B4D51E63FED">
<hideElementsInCurrentOnly>false</hideElementsInCurrentOnly>
<backgroundColor>-16777216</backgroundColor>
<lineWidth>1</lineWidth>
<points>
<point x="936" y="759"/>
<point x="936" y="709"/>
</points>
</Connector>
<Connector class="oracle.dbtools.crest.swingui.relational.TVFKRelation" oid="9C6E804E-00B5-B136-C9AA-B1C1E8D237CF" otype="FKIndexAssociation" vid_source="EA7FEA3A-C252-364A-1AD7-F11DED4EF057" vid_target="71B124FE-94C6-9423-450D-9C0F84A2B149">
<hideElementsInCurrentOnly>false</hideElementsInCurrentOnly>
<backgroundColor>-16777216</backgroundColor>
<lineWidth>1</lineWidth>
<points>
<point x="1026" y="130"/>
<point x="1026" y="293"/>
</points>
</Connector>
<Connector class="oracle.dbtools.crest.swingui.relational.TVFKRelation" oid="9E3A6F1D-D9BB-B527-54F3-F891653D218B" otype="FKIndexAssociation" vid_source="AD101C11-C7F8-0776-F296-EA63E4F16A05" vid_target="719C2111-BDC5-9E9A-5251-B3B6C6415EE8">
<hideElementsInCurrentOnly>false</hideElementsInCurrentOnly>
<backgroundColor>-16777216</backgroundColor>
<lineWidth>1</lineWidth>
<points>
<point x="293" y="193"/>
<point x="572" y="193"/>
</points>
</Connector>
<Connector class="oracle.dbtools.crest.swingui.relational.TVFKRelation" oid="9EE21AB0-73F9-D0EC-87E6-FEB96FE07E85" otype="FKIndexAssociation" vid_source="719C2111-BDC5-9E9A-5251-B3B6C6415EE8" vid_target="E762B693-9B66-7571-F250-E9BEF50B4409">
<hideElementsInCurrentOnly>false</hideElementsInCurrentOnly>
<backgroundColor>-16777216</backgroundColor>
<lineWidth>1</lineWidth>
<points>
<point x="766" y="352"/>
<point x="862" y="435"/>
</points>
</Connector>
<Connector class="oracle.dbtools.crest.swingui.relational.TVFKRelation" oid="A2966FDA-3554-BF95-C4A8-C4555F5BE527" otype="FKIndexAssociation" vid_source="719C2111-BDC5-9E9A-5251-B3B6C6415EE8" vid_target="CE993030-170A-4AF1-1CD9-035A5D46741F">
<hideElementsInCurrentOnly>false</hideElementsInCurrentOnly>
<backgroundColor>-16777216</backgroundColor>
<lineWidth>1</lineWidth>
<points>
<point x="655" y="352"/>
<point x="655" y="449"/>
</points>
</Connector>
<Connector class="oracle.dbtools.crest.swingui.relational.TVFKRelation" oid="CA08C444-5D81-AD36-8957-B3F461500630" otype="FKIndexAssociation" vid_source="71B124FE-94C6-9423-450D-9C0F84A2B149" vid_target="BF4089DF-527A-AEEB-77FD-201975351596">
<hideElementsInCurrentOnly>false</hideElementsInCurrentOnly>
<backgroundColor>-16777216</backgroundColor>
<lineWidth>1</lineWidth>
<points>
<point x="1002" y="293"/>
<point x="764" y="124"/>
</points>
</Connector>
<Connector class="oracle.dbtools.crest.swingui.relational.TVFKRelation" oid="D2889DAB-6CFA-C987-4F9F-5ED4D29B1BDF" otype="FKIndexAssociation" vid_source="719C2111-BDC5-9E9A-5251-B3B6C6415EE8" vid_target="8A698747-701A-2D7F-8BB8-FB07C719F2C6">
<hideElementsInCurrentOnly>false</hideElementsInCurrentOnly>
<backgroundColor>-16777216</backgroundColor>
<lineWidth>1</lineWidth>
<points>
<point x="572" y="336"/>
<point x="259" y="336"/>
</points>
</Connector>
<Connector class="oracle.dbtools.crest.swingui.relational.TVFKRelation" oid="D2FB8A7E-6487-EEAB-B39E-A6265C3DCB5E" otype="FKIndexAssociation" vid_source="AE7106EC-D12B-B0F7-0AD1-0B4D51E63FED" vid_target="E762B693-9B66-7571-F250-E9BEF50B4409">
<hideElementsInCurrentOnly>false</hideElementsInCurrentOnly>
<backgroundColor>-16777216</backgroundColor>
<lineWidth>1</lineWidth>
<points>
<point x="928" y="599"/>
<point x="928" y="545"/>
</points>
</Connector>
<Connector class="oracle.dbtools.crest.swingui.relational.TVFKRelation" oid="D7392DBE-7EF3-5D07-6A3C-007E187576C3" otype="FKIndexAssociation" vid_source="8A698747-701A-2D7F-8BB8-FB07C719F2C6" vid_target="209876D1-2221-17C8-7CB8-C7C3F2CF0117">
<hideElementsInCurrentOnly>false</hideElementsInCurrentOnly>
<backgroundColor>-16777216</backgroundColor>
<lineWidth>1</lineWidth>
<points>
<point x="226" y="422"/>
<point x="226" y="534"/>
</points>
</Connector>
<Connector class="oracle.dbtools.crest.swingui.relational.TVFKRelation" oid="E4B40D2D-CEDC-6E1F-610E-0BF04D2E9E98" otype="FKIndexAssociation" vid_source="71B124FE-94C6-9423-450D-9C0F84A2B149" vid_target="530E1E98-3DD3-6B6C-323D-FC9DD77E1BBF">
<hideElementsInCurrentOnly>false</hideElementsInCurrentOnly>
<backgroundColor>-16777216</backgroundColor>
<lineWidth>1</lineWidth>
<points>
<point x="1157" y="293"/>
<point x="1441" y="146"/>
</points>
</Connector>
</connectors>
<arcs>
<Arc class="oracle.dbtools.crest.swingui.relational.TVFKArc" oid="8C5CDA1C-B449-71BD-1445-965E5338A0D4" otype="FKArc" vid="CA74C5B3-36F8-87B7-C1CF-0D485287974F">
<hideElementsInCurrentOnly>false</hideElementsInCurrentOnly>
<bounds x="389" y="429" width="370" height="213"/>
</Arc>
</arcs>
</Diagram>