<?xml version = '1.0' encoding = 'UTF-8'?>
<Entity class="oracle.dbtools.crest.model.design.logical.Entity" directorySegmentName="seg_0" id="1E9D4733-7E5F-9A1C-9224-BFDB58670200" name="DatosContac Emple">
<createdBy>Ambiente</createdBy>
<createdTime>2023-02-27 22:26:11 UTC</createdTime>
<ownerDesignName>core</ownerDesignName>
<engineerTo>
<item key="209A5F52-6DB6-EF23-351E-C4CC7B7E38DC" value="true"/>
</engineerTo>
<adequatelyNormalized>NO</adequatelyNormalized>
<expectedVolumes>0</expectedVolumes>
<fwdEngineeringStrategyName>Single Table</fwdEngineeringStrategyName>
<growthPercent>0</growthPercent>
<growthType>Year</growthType>
<maxVolumes>9999999</maxVolumes>
<minVolumes>0</minVolumes>
<normalForm>Third</normalForm>
<attributes itemClass="oracle.dbtools.crest.model.design.logical.Attribute">
<Attribute name="e-mail" id="D7AF867F-FBE3-08E5-0BBD-98D0217CA79B">
<createdBy>Ambiente</createdBy>
<createdTime>2023-02-27 22:26:31 UTC</createdTime>
<commentInRDBMS><![CDATA[email empleado]]></commentInRDBMS>
<ownerDesignName>core</ownerDesignName>
<engineerTo>
<item key="209A5F52-6DB6-EF23-351E-C4CC7B7E38DC" value="true"/>
</engineerTo>
<useDomainConstraints>false</useDomainConstraints>
<use>1</use>
<logicalDatatype>LOGDT037</logicalDatatype>
<dataTypeSize>30 CHAR</dataTypeSize>
<ownDataTypeParameters>30 CHAR,,</ownDataTypeParameters>
</Attribute>
<Attribute name="Telefono" id="6AAC0E7D-5409-5C2D-6A6C-E7C732C755A8">
<createdBy>Ambiente</createdBy>
<createdTime>2023-02-27 22:28:26 UTC</createdTime>
<commentInRDBMS><![CDATA[telefono empleado]]></commentInRDBMS>
<ownerDesignName>core</ownerDesignName>
<engineerTo>
<item key="209A5F52-6DB6-EF23-351E-C4CC7B7E38DC" value="true"/>
</engineerTo>
<useDomainConstraints>false</useDomainConstraints>
<use>1</use>
<logicalDatatype>LOGDT037</logicalDatatype>
<dataTypeSize>30 CHAR</dataTypeSize>
<ownDataTypeParameters>30 CHAR,,</ownDataTypeParameters>
</Attribute>
<Attribute name="Dirección" id="838BF202-E905-1C02-6647-BE775503CD3D">
<createdBy>Ambiente</createdBy>
<createdTime>2023-02-27 22:29:32 UTC</createdTime>
<commentInRDBMS><![CDATA[doreccion empleado]]></commentInRDBMS>
<ownerDesignName>core</ownerDesignName>
<engineerTo>
<item key="209A5F52-6DB6-EF23-351E-C4CC7B7E38DC" value="true"/>
</engineerTo>
<useDomainConstraints>false</useDomainConstraints>
<use>1</use>
<logicalDatatype>LOGDT037</logicalDatatype>
<dataTypeSize>30 CHAR</dataTypeSize>
<ownDataTypeParameters>30 CHAR,,</ownDataTypeParameters>
</Attribute>
<Attribute name="Fecha de Creación " id="89823245-DDE7-5464-2580-DA40F715682D">
<createdBy>Ambiente</createdBy>
<createdTime>2023-02-27 22:29:53 UTC</createdTime>
<commentInRDBMS><![CDATA[Fecha de Creación de datos]]></commentInRDBMS>
<ownerDesignName>core</ownerDesignName>
<engineerTo>
<item key="209A5F52-6DB6-EF23-351E-C4CC7B7E38DC" value="true"/>
</engineerTo>
<useDomainConstraints>false</useDomainConstraints>
<use>1</use>
<logicalDatatype>LOGDT037</logicalDatatype>
<ownDataTypeParameters>,,</ownDataTypeParameters>
</Attribute>
<Attribute name="Empleado EmpleadoId" id="DA5671E7-E008-A745-216E-21AE046D1650">
<createdBy>Ambiente</createdBy>
<createdTime>2023-02-27 23:16:41 UTC</createdTime>
<generatorID>B2982068-6D67-8FE2-FDF1-346A01CFADAC</generatorID>
<ownerDesignName>core</ownerDesignName>
<engineerTo>
<item key="209A5F52-6DB6-EF23-351E-C4CC7B7E38DC" value="true"/>
</engineerTo>
<referedAttribute>97419FE2-EC0C-446F-CF3F-F03EA73A0AA9</referedAttribute>
<useDomainConstraints>false</useDomainConstraints>
<use>1</use>
<logicalDatatype>LOGDT037</logicalDatatype>
<dataTypeSize>20 CHAR</dataTypeSize>
<ownDataTypeParameters>,,</ownDataTypeParameters>
</Attribute>
</attributes>
<identifiers itemClass="oracle.dbtools.crest.model.design.logical.CandidateKey">
<identifier id="267F55DD-7E5A-574A-B333-EA84E2F8128D" name="Datos_Contac_Emple_PK">
<createdBy>Ambiente</createdBy>
<createdTime>2023-02-27 22:28:24 UTC</createdTime>
<ownerDesignName>core</ownerDesignName>
<shouldEngineer>false</shouldEngineer>
<engineerTo>
<item key="209A5F52-6DB6-EF23-351E-C4CC7B7E38DC" value="false"/>
</engineerTo>
<pk>true</pk>
<usedAttributes>
<attributeRef>DA5671E7-E008-A745-216E-21AE046D1650</attributeRef>
</usedAttributes>
</identifier>
</identifiers>
</Entity>