<?xml version = '1.0' encoding = 'UTF-8'?>
<Entity class="oracle.dbtools.crest.model.design.logical.Entity" directorySegmentName="seg_0" id="345D6907-DD68-1854-91E3-3AA70F65DD27" name="Metodo pago">
<createdBy>Ambiente</createdBy>
<createdTime>2023-02-27 22:01:44 UTC</createdTime>
<ownerDesignName>core</ownerDesignName>
<engineerTo>
<item key="209A5F52-6DB6-EF23-351E-C4CC7B7E38DC" value="true"/>
</engineerTo>
<adequatelyNormalized>NO</adequatelyNormalized>
<expectedVolumes>0</expectedVolumes>
<fwdEngineeringStrategyName>Single Table</fwdEngineeringStrategyName>
<growthPercent>0</growthPercent>
<growthType>Year</growthType>
<maxVolumes>9999999</maxVolumes>
<minVolumes>0</minVolumes>
<normalForm>Third</normalForm>
<attributes itemClass="oracle.dbtools.crest.model.design.logical.Attribute">
<Attribute name="Metodo de pago Id" id="BF2625BD-3016-EB71-BAC2-B39E3B20ABC1">
<createdBy>Ambiente</createdBy>
<createdTime>2023-02-27 22:02:58 UTC</createdTime>
<ownerDesignName>core</ownerDesignName>
<engineerTo>
<item key="209A5F52-6DB6-EF23-351E-C4CC7B7E38DC" value="true"/>
</engineerTo>
<useDomainConstraints>false</useDomainConstraints>
<use>1</use>
<logicalDatatype>LOGDT025</logicalDatatype>
<dataTypeSize>30</dataTypeSize>
<ownDataTypeParameters>30,,</ownDataTypeParameters>
</Attribute>
<Attribute name="Fecha Transacción" id="D16BFFF9-F851-09FF-9BCF-C3869FCDFB34">
<createdBy>Ambiente</createdBy>
<createdTime>2023-02-27 22:03:10 UTC</createdTime>
<commentInRDBMS><![CDATA[Fecha en que se realizo el pago de la compra]]></commentInRDBMS>
<ownerDesignName>core</ownerDesignName>
<engineerTo>
<item key="209A5F52-6DB6-EF23-351E-C4CC7B7E38DC" value="true"/>
</engineerTo>
<useDomainConstraints>false</useDomainConstraints>
<use>1</use>
<logicalDatatype>LOGDT019</logicalDatatype>
<ownDataTypeParameters>,,</ownDataTypeParameters>
</Attribute>
<Attribute name="facturaId" id="9D08B71F-02AB-CDDB-642F-BC9B0172DD44">
<createdBy>kelly</createdBy>
<createdTime>2023-04-11 09:14:42 UTC</createdTime>
<generatorID>C2549902-CC27-F6F7-A12E-494C4FF5EBD3</generatorID>
<ownerDesignName>core</ownerDesignName>
<engineerTo>
<item key="209A5F52-6DB6-EF23-351E-C4CC7B7E38DC" value="true"/>
</engineerTo>
<referedAttribute>B7AFF668-2429-9495-71C1-7D881BB5F0C2</referedAttribute>
<useDomainConstraints>false</useDomainConstraints>
<use>1</use>
<logicalDatatype>LOGDT037</logicalDatatype>
<dataTypeSize>34 CHAR</dataTypeSize>
<ownDataTypeParameters>,,</ownDataTypeParameters>
</Attribute>
</attributes>
<identifiers itemClass="oracle.dbtools.crest.model.design.logical.CandidateKey">
<identifier id="14C3F616-9DAB-A808-691B-E60AEE546409" name="Metodo_pago PK">
<createdBy>Ambiente</createdBy>
<createdTime>2023-02-27 22:11:07 UTC</createdTime>
<ownerDesignName>core</ownerDesignName>
<shouldEngineer>false</shouldEngineer>
<engineerTo>
<item key="209A5F52-6DB6-EF23-351E-C4CC7B7E38DC" value="false"/>
</engineerTo>
<pk>true</pk>
<usedAttributes>
<attributeRef>BF2625BD-3016-EB71-BAC2-B39E3B20ABC1</attributeRef>
</usedAttributes>
</identifier>
</identifiers>
</Entity>