<?xml version = '1.0' encoding = 'UTF-8'?>
<Entity class="oracle.dbtools.crest.model.design.logical.Entity" directorySegmentName="seg_0" id="3887F0D9-EBF0-9144-432D-9F6EFB5FFF99" name="bodega">
<createdBy>Ambiente</createdBy>
<createdTime>2023-02-27 22:42:38 UTC</createdTime>
<ownerDesignName>core</ownerDesignName>
<engineerTo>
<item key="209A5F52-6DB6-EF23-351E-C4CC7B7E38DC" value="true"/>
</engineerTo>
<adequatelyNormalized>NO</adequatelyNormalized>
<expectedVolumes>0</expectedVolumes>
<fwdEngineeringStrategyName>Single Table</fwdEngineeringStrategyName>
<growthPercent>0</growthPercent>
<growthType>Year</growthType>
<maxVolumes>9999999</maxVolumes>
<minVolumes>0</minVolumes>
<normalForm>Third</normalForm>
<attributes itemClass="oracle.dbtools.crest.model.design.logical.Attribute">
<Attribute name="BodegaId" id="F0AF0636-D0D0-07F0-4336-F72644AE0935">
<createdBy>Ambiente</createdBy>
<createdTime>2023-02-27 23:00:23 UTC</createdTime>
<commentInRDBMS><![CDATA[codigo de bodega 
]]></commentInRDBMS>
<ownerDesignName>core</ownerDesignName>
<engineerTo>
<item key="209A5F52-6DB6-EF23-351E-C4CC7B7E38DC" value="true"/>
</engineerTo>
<useDomainConstraints>false</useDomainConstraints>
<use>1</use>
<logicalDatatype>LOGDT037</logicalDatatype>
<dataTypeSize>31 CHAR</dataTypeSize>
<ownDataTypeParameters>31 CHAR,,</ownDataTypeParameters>
</Attribute>
<Attribute name="Nombre" id="4193D3D7-6D3C-7B5A-7B38-7BCDA356D612">
<createdBy>Ambiente</createdBy>
<createdTime>2023-02-27 23:00:36 UTC</createdTime>
<commentInRDBMS><![CDATA[Nombre bodega]]></commentInRDBMS>
<ownerDesignName>core</ownerDesignName>
<engineerTo>
<item key="209A5F52-6DB6-EF23-351E-C4CC7B7E38DC" value="true"/>
</engineerTo>
<useDomainConstraints>false</useDomainConstraints>
<use>1</use>
<logicalDatatype>LOGDT037</logicalDatatype>
<dataTypeSize>32</dataTypeSize>
<ownDataTypeParameters>32,,</ownDataTypeParameters>
</Attribute>
<Attribute name="Estado" id="259E1B41-ADE5-276F-DA43-686D96FFD3A0">
<createdBy>Ambiente</createdBy>
<createdTime>2023-02-27 23:00:59 UTC</createdTime>
<commentInRDBMS><![CDATA[estado de los productos 
]]></commentInRDBMS>
<ownerDesignName>core</ownerDesignName>
<engineerTo>
<item key="209A5F52-6DB6-EF23-351E-C4CC7B7E38DC" value="true"/>
</engineerTo>
<useDomainConstraints>false</useDomainConstraints>
<use>1</use>
<logicalDatatype>LOGDT037</logicalDatatype>
<dataTypeSize>32 CHAR</dataTypeSize>
<ownDataTypeParameters>32 CHAR,,</ownDataTypeParameters>
</Attribute>
<Attribute name="idStock" id="1BF0F875-09B1-10A1-F405-AE3DD9602980">
<createdBy>kelly</createdBy>
<createdTime>2023-04-11 09:46:45 UTC</createdTime>
<generatorID>448BBB5B-98B9-08A9-0622-0976125EF3A2</generatorID>
<ownerDesignName>core</ownerDesignName>
<engineerTo>
<item key="209A5F52-6DB6-EF23-351E-C4CC7B7E38DC" value="true"/>
</engineerTo>
<referedAttribute>161F938E-9608-EC03-AEB6-753D96BEC793</referedAttribute>
<use>1</use>
<logicalDatatype>LOGDT025</logicalDatatype>
<dataTypeSize>50</dataTypeSize>
<ownDataTypeParameters>,,</ownDataTypeParameters>
</Attribute>
</attributes>
<identifiers itemClass="oracle.dbtools.crest.model.design.logical.CandidateKey">
<identifier id="A0B530E2-8FF0-2090-5E28-73F3DAD794B3" name="bodega PK">
<createdBy>Ambiente</createdBy>
<createdTime>2023-02-27 22:43:12 UTC</createdTime>
<ownerDesignName>core</ownerDesignName>
<shouldEngineer>false</shouldEngineer>
<engineerTo>
<item key="209A5F52-6DB6-EF23-351E-C4CC7B7E38DC" value="false"/>
</engineerTo>
<pk>true</pk>
<usedAttributes>
<attributeRef>F0AF0636-D0D0-07F0-4336-F72644AE0935</attributeRef>
</usedAttributes>
</identifier>
</identifiers>
</Entity>