<?xml version = '1.0' encoding = 'UTF-8'?>
<Entity class="oracle.dbtools.crest.model.design.logical.Entity" directorySegmentName="seg_0" id="4CDD1C41-0F59-CF5B-4B9E-88D8C1D675FF" name="Cliente">
<createdBy>Ambiente</createdBy>
<createdTime>2023-02-27 21:33:51 UTC</createdTime>
<ownerDesignName>core</ownerDesignName>
<engineerTo>
<item key="209A5F52-6DB6-EF23-351E-C4CC7B7E38DC" value="true"/>
</engineerTo>
<adequatelyNormalized>NO</adequatelyNormalized>
<expectedVolumes>0</expectedVolumes>
<fwdEngineeringStrategyName>Single Table</fwdEngineeringStrategyName>
<growthPercent>0</growthPercent>
<growthType>Year</growthType>
<maxVolumes>9999999</maxVolumes>
<minVolumes>0</minVolumes>
<normalForm>Third</normalForm>
<attributes itemClass="oracle.dbtools.crest.model.design.logical.Attribute">
<Attribute name="ClienteId" id="F16B7C2B-1E01-6841-3B3E-B13886C339B6">
<createdBy>Ambiente</createdBy>
<createdTime>2023-02-27 21:33:59 UTC</createdTime>
<commentInRDBMS><![CDATA[Código único para cada cliente]]></commentInRDBMS>
<ownerDesignName>core</ownerDesignName>
<engineerTo>
<item key="209A5F52-6DB6-EF23-351E-C4CC7B7E38DC" value="true"/>
</engineerTo>
<useDomainConstraints>false</useDomainConstraints>
<use>1</use>
<logicalDatatype>LOGDT057</logicalDatatype>
<dataTypeSize>15 CHAR</dataTypeSize>
<ownDataTypeParameters>15 CHAR,,</ownDataTypeParameters>
</Attribute>
<Attribute name="Nombre" id="08DFF9E8-F69F-538D-2952-4B7295FFF633">
<createdBy>Ambiente</createdBy>
<createdTime>2023-02-27 21:35:20 UTC</createdTime>
<commentInRDBMS><![CDATA[Registrar nombre del cliente]]></commentInRDBMS>
<ownerDesignName>core</ownerDesignName>
<engineerTo>
<item key="209A5F52-6DB6-EF23-351E-C4CC7B7E38DC" value="true"/>
</engineerTo>
<useDomainConstraints>false</useDomainConstraints>
<use>1</use>
<logicalDatatype>LOGDT037</logicalDatatype>
<dataTypeSize>30 CHAR</dataTypeSize>
<ownDataTypeParameters>30 CHAR,,</ownDataTypeParameters>
</Attribute>
<Attribute name="Apellido" id="33C87A5E-0278-3F19-86D7-E31D0FC61469">
<createdBy>Ambiente</createdBy>
<createdTime>2023-02-27 21:35:47 UTC</createdTime>
<commentInRDBMS><![CDATA[Registrar apellido del cliente]]></commentInRDBMS>
<ownerDesignName>core</ownerDesignName>
<engineerTo>
<item key="209A5F52-6DB6-EF23-351E-C4CC7B7E38DC" value="true"/>
</engineerTo>
<useDomainConstraints>false</useDomainConstraints>
<use>1</use>
<logicalDatatype>LOGDT037</logicalDatatype>
<dataTypeSize>30 CHAR</dataTypeSize>
<ownDataTypeParameters>30 CHAR,,</ownDataTypeParameters>
</Attribute>
<Attribute name="TipoDocumento" id="69427EDB-3E62-7477-7D2B-E5E72318DC1A">
<createdBy>Ambiente</createdBy>
<createdTime>2023-02-27 21:42:24 UTC</createdTime>
<commentInRDBMS><![CDATA[Registrar tipo de documento del cliente]]></commentInRDBMS>
<ownerDesignName>core</ownerDesignName>
<engineerTo>
<item key="209A5F52-6DB6-EF23-351E-C4CC7B7E38DC" value="true"/>
</engineerTo>
<useDomainConstraints>false</useDomainConstraints>
<use>1</use>
<logicalDatatype>LOGDT037</logicalDatatype>
<dataTypeSize>30 CHAR</dataTypeSize>
<ownDataTypeParameters>30 CHAR,,</ownDataTypeParameters>
</Attribute>
<Attribute name="Documento" id="62F1FB20-176E-4EE5-41B2-6A424A746DF9">
<createdBy>Ambiente</createdBy>
<createdTime>2023-02-27 21:43:02 UTC</createdTime>
<commentInRDBMS><![CDATA[Registrarel número de identificación del cliente]]></commentInRDBMS>
<ownerDesignName>core</ownerDesignName>
<engineerTo>
<item key="209A5F52-6DB6-EF23-351E-C4CC7B7E38DC" value="true"/>
</engineerTo>
<useDomainConstraints>false</useDomainConstraints>
<use>1</use>
<logicalDatatype>LOGDT037</logicalDatatype>
<dataTypeSize>20 CHAR</dataTypeSize>
<ownDataTypeParameters>20 CHAR,,</ownDataTypeParameters>
</Attribute>
</attributes>
<identifiers itemClass="oracle.dbtools.crest.model.design.logical.CandidateKey">
<identifier id="488B0965-7942-F1AC-2D80-9603D29E8941" name="Cliente PK">
<createdBy>Ambiente</createdBy>
<createdTime>2023-02-27 21:42:46 UTC</createdTime>
<ownerDesignName>core</ownerDesignName>
<shouldEngineer>false</shouldEngineer>
<engineerTo>
<item key="209A5F52-6DB6-EF23-351E-C4CC7B7E38DC" value="false"/>
</engineerTo>
<pk>true</pk>
<usedAttributes>
<attributeRef>F16B7C2B-1E01-6841-3B3E-B13886C339B6</attributeRef>
</usedAttributes>
</identifier>
</identifiers>
</Entity>