<?xml version = '1.0' encoding = 'UTF-8'?>
<Entity class="oracle.dbtools.crest.model.design.logical.Entity" directorySegmentName="seg_0" id="4F7C0631-45DB-446E-0A70-D378E7A90709" name="DetalleFacturaProveedores">
<createdBy>kelly</createdBy>
<createdTime>2023-04-11 00:55:15 UTC</createdTime>
<ownerDesignName>core</ownerDesignName>
<engineerTo>
<item key="209A5F52-6DB6-EF23-351E-C4CC7B7E38DC" value="true"/>
</engineerTo>
<adequatelyNormalized>NO</adequatelyNormalized>
<expectedVolumes>0</expectedVolumes>
<fwdEngineeringStrategyName>Single Table</fwdEngineeringStrategyName>
<growthPercent>0</growthPercent>
<growthType>Year</growthType>
<maxVolumes>9999999</maxVolumes>
<minVolumes>0</minVolumes>
<normalForm>Third</normalForm>
<attributes itemClass="oracle.dbtools.crest.model.design.logical.Attribute">
<Attribute name="detalleId" id="ED452572-57D9-23E4-7D1C-F60B88B2A113">
<createdBy>kelly</createdBy>
<createdTime>2023-04-11 00:56:08 UTC</createdTime>
<ownerDesignName>core</ownerDesignName>
<engineerTo>
<item key="209A5F52-6DB6-EF23-351E-C4CC7B7E38DC" value="true"/>
</engineerTo>
<useDomainConstraints>false</useDomainConstraints>
<use>1</use>
<logicalDatatype>LOGDT025</logicalDatatype>
<dataTypeSize>10</dataTypeSize>
<ownDataTypeParameters>10,,</ownDataTypeParameters>
</Attribute>
<Attribute name="producto" id="D9B2E68D-0A24-BE07-0A07-F7AB9BD80839">
<createdBy>kelly</createdBy>
<createdTime>2023-04-11 00:56:31 UTC</createdTime>
<commentInRDBMS><![CDATA[productos selecionados]]></commentInRDBMS>
<ownerDesignName>core</ownerDesignName>
<engineerTo>
<item key="209A5F52-6DB6-EF23-351E-C4CC7B7E38DC" value="true"/>
</engineerTo>
<useDomainConstraints>false</useDomainConstraints>
<use>1</use>
<logicalDatatype>LOGDT025</logicalDatatype>
<dataTypeSize>50</dataTypeSize>
<ownDataTypeParameters>50,,</ownDataTypeParameters>
</Attribute>
<Attribute name="ProductoId" id="49D083E5-B9EC-6F22-3C04-A43D3E2FEAA0">
<createdBy>kelly</createdBy>
<createdTime>2023-04-11 00:58:02 UTC</createdTime>
<commentInRDBMS><![CDATA[id del producto]]></commentInRDBMS>
<generatorID>F4A07DDD-C710-1784-F238-B9121844AF77</generatorID>
<ownerDesignName>core</ownerDesignName>
<engineerTo>
<item key="209A5F52-6DB6-EF23-351E-C4CC7B7E38DC" value="true"/>
</engineerTo>
<referedAttribute>76F638E9-3180-1766-3C14-3C4DB6BB3CF5</referedAttribute>
<useDomainConstraints>false</useDomainConstraints>
<use>1</use>
<logicalDatatype>LOGDT037</logicalDatatype>
<dataTypeSize>32 CHAR</dataTypeSize>
<ownDataTypeParameters>,,</ownDataTypeParameters>
</Attribute>
<Attribute name="Inventario ProductoId" id="53974095-5625-7636-BFBD-5F6A37864D5F">
<createdBy>kelly</createdBy>
<createdTime>2023-04-11 00:58:02 UTC</createdTime>
<generatorID>F4A07DDD-C710-1784-F238-B9121844AF77</generatorID>
<ownerDesignName>core</ownerDesignName>
<engineerTo>
<item key="209A5F52-6DB6-EF23-351E-C4CC7B7E38DC" value="true"/>
</engineerTo>
<referedAttribute>51577DAE-6696-9510-2D72-BE58152B546D</referedAttribute>
<useDomainConstraints>false</useDomainConstraints>
<use>1</use>
<logicalDatatype>LOGDT025</logicalDatatype>
<dataTypeSize>30</dataTypeSize>
<ownDataTypeParameters>,,</ownDataTypeParameters>
</Attribute>
<Attribute name="cantidad" id="A0A8ACF5-89E6-8CC4-1174-A03DA6DDB310">
<createdBy>kelly</createdBy>
<createdTime>2023-04-11 01:01:53 UTC</createdTime>
<commentInRDBMS><![CDATA[cantidad del producto]]></commentInRDBMS>
<ownerDesignName>core</ownerDesignName>
<engineerTo>
<item key="209A5F52-6DB6-EF23-351E-C4CC7B7E38DC" value="true"/>
</engineerTo>
<useDomainConstraints>false</useDomainConstraints>
<use>1</use>
<logicalDatatype>LOGDT025</logicalDatatype>
<dataTypeSize>100000</dataTypeSize>
<ownDataTypeParameters>100000,,</ownDataTypeParameters>
</Attribute>
</attributes>
<identifiers itemClass="oracle.dbtools.crest.model.design.logical.CandidateKey">
<identifier id="0C57738E-F6A7-055D-6501-83E3E7B9BB69" name="DetalleFacturaProveedores PK">
<createdBy>kelly</createdBy>
<createdTime>2023-04-11 00:58:02 UTC</createdTime>
<ownerDesignName>core</ownerDesignName>
<shouldEngineer>false</shouldEngineer>
<engineerTo>
<item key="209A5F52-6DB6-EF23-351E-C4CC7B7E38DC" value="false"/>
</engineerTo>
<pk>true</pk>
<usedAttributes>
<attributeRef>49D083E5-B9EC-6F22-3C04-A43D3E2FEAA0</attributeRef>
<attributeRef>53974095-5625-7636-BFBD-5F6A37864D5F</attributeRef>
</usedAttributes>
</identifier>
</identifiers>
</Entity>