<?xml version = '1.0' encoding = 'UTF-8'?>
<Entity class="oracle.dbtools.crest.model.design.logical.Entity" directorySegmentName="seg_0" id="50492369-604C-B082-CBBE-8614B502E5F5" name="Detallefactura">
<createdBy>Ambiente</createdBy>
<createdTime>2023-02-27 21:24:42 UTC</createdTime>
<ownerDesignName>core</ownerDesignName>
<engineerTo>
<item key="209A5F52-6DB6-EF23-351E-C4CC7B7E38DC" value="true"/>
</engineerTo>
<adequatelyNormalized>NO</adequatelyNormalized>
<expectedVolumes>0</expectedVolumes>
<fwdEngineeringStrategyName>Single Table</fwdEngineeringStrategyName>
<growthPercent>0</growthPercent>
<growthType>Year</growthType>
<maxVolumes>9999999</maxVolumes>
<minVolumes>0</minVolumes>
<normalForm>Third</normalForm>
<attributes itemClass="oracle.dbtools.crest.model.design.logical.Attribute">
<Attribute name="detalleId" id="8D5C98F3-98BF-EA05-59CF-EB0C78934D46">
<createdBy>Ambiente</createdBy>
<createdTime>2023-02-27 21:32:41 UTC</createdTime>
<commentInRDBMS><![CDATA[id del detalle]]></commentInRDBMS>
<ownerDesignName>core</ownerDesignName>
<engineerTo>
<item key="209A5F52-6DB6-EF23-351E-C4CC7B7E38DC" value="true"/>
</engineerTo>
<useDomainConstraints>false</useDomainConstraints>
<use>1</use>
<logicalDatatype>LOGDT057</logicalDatatype>
<dataTypeSize>32 CHAR</dataTypeSize>
<ownDataTypeParameters>32 CHAR,,</ownDataTypeParameters>
</Attribute>
<Attribute name="Iva" id="3404DE55-904C-7036-B390-949B5375895B">
<createdBy>Ambiente</createdBy>
<createdTime>2023-02-27 21:32:47 UTC</createdTime>
<commentInRDBMS><![CDATA[iva de los productos]]></commentInRDBMS>
<ownerDesignName>core</ownerDesignName>
<engineerTo>
<item key="209A5F52-6DB6-EF23-351E-C4CC7B7E38DC" value="true"/>
</engineerTo>
<useDomainConstraints>false</useDomainConstraints>
<use>1</use>
<logicalDatatype>LOGDT019</logicalDatatype>
<dataTypePrecision>12</dataTypePrecision>
<dataTypeScale>12</dataTypeScale>
<ownDataTypeParameters>,12,12</ownDataTypeParameters>
</Attribute>
<Attribute name="Valor unidad" id="F295CEEE-6FF7-F48E-2EE8-ECA35274AE71">
<createdBy>Ambiente</createdBy>
<createdTime>2023-02-27 21:32:52 UTC</createdTime>
<commentInRDBMS><![CDATA[valor de producto en unidad]]></commentInRDBMS>
<ownerDesignName>core</ownerDesignName>
<engineerTo>
<item key="209A5F52-6DB6-EF23-351E-C4CC7B7E38DC" value="true"/>
</engineerTo>
<useDomainConstraints>false</useDomainConstraints>
<use>1</use>
<logicalDatatype>LOGDT019</logicalDatatype>
<ownDataTypeParameters>,,</ownDataTypeParameters>
</Attribute>
<Attribute name="Cantidad" id="1FB9AF13-D21D-96B9-BB18-A71A2D1B6838">
<createdBy>Ambiente</createdBy>
<createdTime>2023-02-27 21:32:58 UTC</createdTime>
<commentInRDBMS><![CDATA[registro de cantidad]]></commentInRDBMS>
<ownerDesignName>core</ownerDesignName>
<engineerTo>
<item key="209A5F52-6DB6-EF23-351E-C4CC7B7E38DC" value="true"/>
</engineerTo>
<useDomainConstraints>false</useDomainConstraints>
<use>1</use>
<logicalDatatype>LOGDT019</logicalDatatype>
<dataTypePrecision>12</dataTypePrecision>
<dataTypeScale>12</dataTypeScale>
<ownDataTypeParameters>,12,12</ownDataTypeParameters>
</Attribute>
<Attribute name="Productos ProductoId" id="3AFBC881-ECBA-EC2A-24B4-AED9B863D4FF">
<createdBy>Ambiente</createdBy>
<createdTime>2023-02-27 23:15:05 UTC</createdTime>
<generatorID>CD894CB1-25A8-6D8C-C51B-8ED65FB59A94</generatorID>
<ownerDesignName>core</ownerDesignName>
<engineerTo>
<item key="209A5F52-6DB6-EF23-351E-C4CC7B7E38DC" value="true"/>
</engineerTo>
<referedAttribute>76F638E9-3180-1766-3C14-3C4DB6BB3CF5</referedAttribute>
<useDomainConstraints>false</useDomainConstraints>
<use>1</use>
<logicalDatatype>LOGDT037</logicalDatatype>
<dataTypeSize>32 CHAR</dataTypeSize>
<ownDataTypeParameters>,,</ownDataTypeParameters>
</Attribute>
<Attribute name="Inventario ProductoId" id="F3EE351F-A735-28FF-01EF-DCC39F690F16">
<createdBy>Ambiente</createdBy>
<createdTime>2023-02-27 23:28:39 UTC</createdTime>
<generatorID>CD894CB1-25A8-6D8C-C51B-8ED65FB59A94</generatorID>
<ownerDesignName>core</ownerDesignName>
<engineerTo>
<item key="209A5F52-6DB6-EF23-351E-C4CC7B7E38DC" value="true"/>
</engineerTo>
<referedAttribute>51577DAE-6696-9510-2D72-BE58152B546D</referedAttribute>
<useDomainConstraints>false</useDomainConstraints>
<use>1</use>
<logicalDatatype>LOGDT025</logicalDatatype>
<dataTypeSize>30</dataTypeSize>
<ownDataTypeParameters>,,</ownDataTypeParameters>
</Attribute>
<Attribute name="Cajero" id="1C97C042-0B50-0B50-2FC4-7BE776B737D6">
<createdBy>kelly</createdBy>
<createdTime>2023-04-11 01:02:56 UTC</createdTime>
<commentInRDBMS><![CDATA[nombre de cajero ]]></commentInRDBMS>
<ownerDesignName>core</ownerDesignName>
<engineerTo>
<item key="209A5F52-6DB6-EF23-351E-C4CC7B7E38DC" value="true"/>
</engineerTo>
<useDomainConstraints>false</useDomainConstraints>
<use>1</use>
<logicalDatatype>LOGDT025</logicalDatatype>
<ownDataTypeParameters>,,</ownDataTypeParameters>
</Attribute>
<Attribute name="facturaId" id="73B43E31-7920-38FF-A599-3D9EF3D3868E">
<createdBy>kelly</createdBy>
<createdTime>2023-04-11 09:14:42 UTC</createdTime>
<generatorID>98EE4E52-93B1-E67F-FD1C-FA5F0BB172D1</generatorID>
<ownerDesignName>core</ownerDesignName>
<engineerTo>
<item key="209A5F52-6DB6-EF23-351E-C4CC7B7E38DC" value="true"/>
</engineerTo>
<referedAttribute>B7AFF668-2429-9495-71C1-7D881BB5F0C2</referedAttribute>
<useDomainConstraints>false</useDomainConstraints>
<use>1</use>
<logicalDatatype>LOGDT037</logicalDatatype>
<dataTypeSize>34 CHAR</dataTypeSize>
<ownDataTypeParameters>,,</ownDataTypeParameters>
</Attribute>
</attributes>
<identifiers itemClass="oracle.dbtools.crest.model.design.logical.CandidateKey">
<identifier id="543EE715-2DCD-5DB0-ED50-FB6ECD737C27" name="Detalle de factura PK">
<createdBy>Ambiente</createdBy>
<createdTime>2023-02-27 21:33:09 UTC</createdTime>
<ownerDesignName>core</ownerDesignName>
<shouldEngineer>false</shouldEngineer>
<engineerTo>
<item key="209A5F52-6DB6-EF23-351E-C4CC7B7E38DC" value="false"/>
</engineerTo>
<pk>true</pk>
<usedAttributes>
<attributeRef>8D5C98F3-98BF-EA05-59CF-EB0C78934D46</attributeRef>
<attributeRef>3AFBC881-ECBA-EC2A-24B4-AED9B863D4FF</attributeRef>
<attributeRef>F3EE351F-A735-28FF-01EF-DCC39F690F16</attributeRef>
<attributeRef>73B43E31-7920-38FF-A599-3D9EF3D3868E</attributeRef>
</usedAttributes>
</identifier>
</identifiers>
</Entity>