<?xml version = '1.0' encoding = 'UTF-8'?>
<Entity class="oracle.dbtools.crest.model.design.logical.Entity" directorySegmentName="seg_0" id="65744072-5C43-265E-B18A-C0870F523D86" name="Estante">
<createdBy>kelly</createdBy>
<createdTime>2023-03-28 08:29:53 UTC</createdTime>
<ownerDesignName>azuldi</ownerDesignName>
<engineerTo>
<item key="209A5F52-6DB6-EF23-351E-C4CC7B7E38DC" value="true"/>
</engineerTo>
<adequatelyNormalized>NO</adequatelyNormalized>
<expectedVolumes>0</expectedVolumes>
<fwdEngineeringStrategyName>Single Table</fwdEngineeringStrategyName>
<growthPercent>0</growthPercent>
<growthType>Year</growthType>
<maxVolumes>9999999</maxVolumes>
<minVolumes>0</minVolumes>
<normalForm>Third</normalForm>
<attributes itemClass="oracle.dbtools.crest.model.design.logical.Attribute">
<Attribute name="EstanteId" id="1B98D7C6-7687-20DB-5649-88E956ED25BD">
<createdBy>kelly</createdBy>
<createdTime>2023-03-28 08:35:18 UTC</createdTime>
<ownerDesignName>azuldi</ownerDesignName>
<engineerTo>
<item key="209A5F52-6DB6-EF23-351E-C4CC7B7E38DC" value="true"/>
</engineerTo>
<useDomainConstraints>false</useDomainConstraints>
<use>1</use>
<logicalDatatype>LOGDT025</logicalDatatype>
<dataTypeSize>30</dataTypeSize>
<ownDataTypeParameters>30,,</ownDataTypeParameters>
</Attribute>
<Attribute name="EstanteriaId" id="71380D64-BCDD-1AFB-5F1A-C4BD36EE67A8">
<createdBy>kelly</createdBy>
<createdTime>2023-03-28 08:36:10 UTC</createdTime>
<generatorID>E2303D3B-D080-E41E-2026-D4882CEF8D77</generatorID>
<ownerDesignName>azuldi</ownerDesignName>
<engineerTo>
<item key="209A5F52-6DB6-EF23-351E-C4CC7B7E38DC" value="true"/>
</engineerTo>
<referedAttribute>26B9C5BD-0943-9CB4-96E3-5FD8A03961DA</referedAttribute>
<useDomainConstraints>false</useDomainConstraints>
<use>1</use>
<logicalDatatype>LOGDT025</logicalDatatype>
<dataTypeSize>30</dataTypeSize>
<ownDataTypeParameters>30,,</ownDataTypeParameters>
</Attribute>
</attributes>
<identifiers itemClass="oracle.dbtools.crest.model.design.logical.CandidateKey">
<identifier id="72D7C356-0D1A-FFFC-1F97-144292D46714" name="Estante PK">
<createdBy>kelly</createdBy>
<createdTime>2023-03-28 08:35:34 UTC</createdTime>
<ownerDesignName>azuldi</ownerDesignName>
<engineerTo>
<item key="209A5F52-6DB6-EF23-351E-C4CC7B7E38DC" value="true"/>
</engineerTo>
<pk>true</pk>
<usedAttributes>
<attributeRef>1B98D7C6-7687-20DB-5649-88E956ED25BD</attributeRef>
<attributeRef>71380D64-BCDD-1AFB-5F1A-C4BD36EE67A8</attributeRef>
</usedAttributes>
</identifier>
</identifiers>
</Entity>