<?xml version = '1.0' encoding = 'UTF-8'?>
<Entity class="oracle.dbtools.crest.model.design.logical.Entity" directorySegmentName="seg_0" id="7358D05D-F2CA-8CCF-DE06-FB1CAB4AADA1" name="FacturaProveedores">
<createdBy>Ambiente</createdBy>
<createdTime>2023-02-27 22:51:13 UTC</createdTime>
<ownerDesignName>core</ownerDesignName>
<engineerTo>
<item key="209A5F52-6DB6-EF23-351E-C4CC7B7E38DC" value="true"/>
</engineerTo>
<adequatelyNormalized>NO</adequatelyNormalized>
<expectedVolumes>0</expectedVolumes>
<fwdEngineeringStrategyName>Single Table</fwdEngineeringStrategyName>
<growthPercent>0</growthPercent>
<growthType>Year</growthType>
<maxVolumes>9999999</maxVolumes>
<minVolumes>0</minVolumes>
<normalForm>Third</normalForm>
<attributes itemClass="oracle.dbtools.crest.model.design.logical.Attribute">
<Attribute name="FactiraId" id="089FBF6C-9C79-3365-7852-A843FD26D5EB">
<createdBy>Ambiente</createdBy>
<createdTime>2023-02-27 22:51:54 UTC</createdTime>
<commentInRDBMS><![CDATA[id de factura]]></commentInRDBMS>
<ownerDesignName>core</ownerDesignName>
<engineerTo>
<item key="209A5F52-6DB6-EF23-351E-C4CC7B7E38DC" value="true"/>
</engineerTo>
<useDomainConstraints>false</useDomainConstraints>
<use>1</use>
<logicalDatatype>LOGDT037</logicalDatatype>
<dataTypeSize>30 CHAR</dataTypeSize>
<ownDataTypeParameters>30 CHAR,,</ownDataTypeParameters>
</Attribute>
<Attribute name="N° Factura" id="C524D1FD-0305-4E5E-71C4-2BFD9E6A25D1">
<createdBy>Ambiente</createdBy>
<createdTime>2023-02-27 22:51:59 UTC</createdTime>
<commentInRDBMS><![CDATA[numero de factura]]></commentInRDBMS>
<ownerDesignName>core</ownerDesignName>
<engineerTo>
<item key="209A5F52-6DB6-EF23-351E-C4CC7B7E38DC" value="true"/>
</engineerTo>
<useDomainConstraints>false</useDomainConstraints>
<use>1</use>
<logicalDatatype>LOGDT037</logicalDatatype>
<dataTypeSize>30 CHAR</dataTypeSize>
<ownDataTypeParameters>30 CHAR,,</ownDataTypeParameters>
</Attribute>
<Attribute name="ProveedorId" id="B091D9AD-D82B-CA02-4318-B06EC7B8DDF9">
<createdBy>Ambiente</createdBy>
<createdTime>2023-02-27 22:52:26 UTC</createdTime>
<commentInRDBMS><![CDATA[id de proveedor]]></commentInRDBMS>
<ownerDesignName>core</ownerDesignName>
<engineerTo>
<item key="209A5F52-6DB6-EF23-351E-C4CC7B7E38DC" value="true"/>
</engineerTo>
<useDomainConstraints>false</useDomainConstraints>
<use>1</use>
<logicalDatatype>LOGDT037</logicalDatatype>
<dataTypeSize>30 CHAR</dataTypeSize>
<ownDataTypeParameters>30 CHAR,,</ownDataTypeParameters>
</Attribute>
<Attribute name="Fecha de generación" id="E08A411C-50F4-C924-37E0-F34C316AF82D">
<createdBy>Ambiente</createdBy>
<createdTime>2023-02-27 22:52:38 UTC</createdTime>
<commentInRDBMS><![CDATA[fecha de generacon de factura]]></commentInRDBMS>
<ownerDesignName>core</ownerDesignName>
<engineerTo>
<item key="209A5F52-6DB6-EF23-351E-C4CC7B7E38DC" value="true"/>
</engineerTo>
<useDomainConstraints>false</useDomainConstraints>
<use>1</use>
<logicalDatatype>LOGDT007</logicalDatatype>
<ownDataTypeParameters>,,</ownDataTypeParameters>
</Attribute>
<Attribute name="Fecha de expedición" id="A231763B-BAE7-D09B-0D2E-E7807B9713AE">
<createdBy>Ambiente</createdBy>
<createdTime>2023-02-27 22:52:46 UTC</createdTime>
<commentInRDBMS><![CDATA[fecha de expedicion de factura]]></commentInRDBMS>
<ownerDesignName>core</ownerDesignName>
<engineerTo>
<item key="209A5F52-6DB6-EF23-351E-C4CC7B7E38DC" value="true"/>
</engineerTo>
<useDomainConstraints>false</useDomainConstraints>
<use>1</use>
<logicalDatatype>LOGDT007</logicalDatatype>
<ownDataTypeParameters>,,</ownDataTypeParameters>
</Attribute>
<Attribute name="Fecha de vencimiento" id="E99A9951-C3C7-62D8-38B3-4A5250AC154D">
<createdBy>Ambiente</createdBy>
<createdTime>2023-02-27 22:53:34 UTC</createdTime>
<commentInRDBMS><![CDATA[fecha de vencimiento de la factura]]></commentInRDBMS>
<ownerDesignName>core</ownerDesignName>
<engineerTo>
<item key="209A5F52-6DB6-EF23-351E-C4CC7B7E38DC" value="true"/>
</engineerTo>
<useDomainConstraints>false</useDomainConstraints>
<use>1</use>
<logicalDatatype>LOGDT007</logicalDatatype>
<ownDataTypeParameters>,,</ownDataTypeParameters>
</Attribute>
<Attribute name="Total bruto" id="652649FD-2127-E178-5564-9D061CEC2D00">
<createdBy>Ambiente</createdBy>
<createdTime>2023-02-27 22:53:55 UTC</createdTime>
<commentInRDBMS><![CDATA[total bruto de factura]]></commentInRDBMS>
<ownerDesignName>core</ownerDesignName>
<engineerTo>
<item key="209A5F52-6DB6-EF23-351E-C4CC7B7E38DC" value="true"/>
</engineerTo>
<useDomainConstraints>false</useDomainConstraints>
<use>1</use>
<logicalDatatype>LOGDT037</logicalDatatype>
<dataTypeSize>30 CHAR</dataTypeSize>
<ownDataTypeParameters>30 CHAR,,</ownDataTypeParameters>
</Attribute>
<Attribute name="Total iva" id="A4DD1D8D-89D5-BEF0-6C1A-7E0C1410AD4A">
<createdBy>Ambiente</createdBy>
<createdTime>2023-02-27 22:54:16 UTC</createdTime>
<commentInRDBMS><![CDATA[total iva de factura]]></commentInRDBMS>
<ownerDesignName>core</ownerDesignName>
<engineerTo>
<item key="209A5F52-6DB6-EF23-351E-C4CC7B7E38DC" value="true"/>
</engineerTo>
<useDomainConstraints>false</useDomainConstraints>
<use>1</use>
<logicalDatatype>LOGDT037</logicalDatatype>
<dataTypeSize>30 CHAR</dataTypeSize>
<ownDataTypeParameters>30 CHAR,,</ownDataTypeParameters>
</Attribute>
<Attribute name="Total retefuente" id="9ED4A168-4158-2AD7-D390-6C274491528E">
<createdBy>Ambiente</createdBy>
<createdTime>2023-02-27 22:54:34 UTC</createdTime>
<commentInRDBMS><![CDATA[total retefuente de factura]]></commentInRDBMS>
<ownerDesignName>core</ownerDesignName>
<engineerTo>
<item key="209A5F52-6DB6-EF23-351E-C4CC7B7E38DC" value="true"/>
</engineerTo>
<useDomainConstraints>false</useDomainConstraints>
<use>1</use>
<logicalDatatype>LOGDT037</logicalDatatype>
<dataTypeSize>30 CHAR</dataTypeSize>
<ownDataTypeParameters>30 CHAR,,</ownDataTypeParameters>
</Attribute>
<Attribute name="Total pago" id="0CC82E59-1FC4-46B3-163D-90FA646C519D">
<createdBy>Ambiente</createdBy>
<createdTime>2023-02-27 22:54:40 UTC</createdTime>
<commentInRDBMS><![CDATA[total pag de factura]]></commentInRDBMS>
<ownerDesignName>core</ownerDesignName>
<engineerTo>
<item key="209A5F52-6DB6-EF23-351E-C4CC7B7E38DC" value="true"/>
</engineerTo>
<useDomainConstraints>false</useDomainConstraints>
<use>1</use>
<logicalDatatype>LOGDT037</logicalDatatype>
<dataTypeSize>30 CHAR</dataTypeSize>
<ownDataTypeParameters>30 CHAR,,</ownDataTypeParameters>
</Attribute>
<Attribute name=" proveedoresid" id="55C39A2A-4451-8CE6-1680-C52C9CAE3623">
<createdBy>Ambiente</createdBy>
<createdTime>2023-02-27 23:32:19 UTC</createdTime>
<generatorID>F34DE118-B669-09BB-4FA4-C0261C6EB049</generatorID>
<ownerDesignName>core</ownerDesignName>
<engineerTo>
<item key="209A5F52-6DB6-EF23-351E-C4CC7B7E38DC" value="true"/>
</engineerTo>
<referedAttribute>C215AB86-040E-B6A7-999B-1ED3FA99F792</referedAttribute>
<useDomainConstraints>false</useDomainConstraints>
<use>1</use>
<logicalDatatype>LOGDT037</logicalDatatype>
<dataTypeSize>32 CHAR</dataTypeSize>
<ownDataTypeParameters>,,</ownDataTypeParameters>
</Attribute>
<Attribute name="ProductoId" id="E8F83335-872F-CFA6-7CA7-1081B9DEEA8F">
<createdBy>kelly</createdBy>
<createdTime>2023-04-11 00:59:41 UTC</createdTime>
<generatorID>114BED51-C005-9DBC-A324-BA1A250A453C</generatorID>
<ownerDesignName>core</ownerDesignName>
<engineerTo>
<item key="209A5F52-6DB6-EF23-351E-C4CC7B7E38DC" value="true"/>
</engineerTo>
<referedAttribute>49D083E5-B9EC-6F22-3C04-A43D3E2FEAA0</referedAttribute>
<useDomainConstraints>false</useDomainConstraints>
<use>1</use>
<logicalDatatype>LOGDT037</logicalDatatype>
<dataTypeSize>32 CHAR</dataTypeSize>
<ownDataTypeParameters>,,</ownDataTypeParameters>
</Attribute>
<Attribute name="Inventario ProductoId" id="5001C66B-2033-D69A-B4A1-A19DDCE230C8">
<createdBy>kelly</createdBy>
<createdTime>2023-04-11 00:59:41 UTC</createdTime>
<generatorID>114BED51-C005-9DBC-A324-BA1A250A453C</generatorID>
<ownerDesignName>core</ownerDesignName>
<engineerTo>
<item key="209A5F52-6DB6-EF23-351E-C4CC7B7E38DC" value="true"/>
</engineerTo>
<referedAttribute>53974095-5625-7636-BFBD-5F6A37864D5F</referedAttribute>
<useDomainConstraints>false</useDomainConstraints>
<use>1</use>
<logicalDatatype>LOGDT025</logicalDatatype>
<dataTypeSize>30</dataTypeSize>
<ownDataTypeParameters>,,</ownDataTypeParameters>
</Attribute>
</attributes>
<identifiers itemClass="oracle.dbtools.crest.model.design.logical.CandidateKey">
<identifier id="BFA41467-30BE-9577-56CB-A8D59F2712FD" name="Factura_Proveedores_PK">
<createdBy>Ambiente</createdBy>
<createdTime>2023-02-27 22:55:28 UTC</createdTime>
<ownerDesignName>core</ownerDesignName>
<shouldEngineer>false</shouldEngineer>
<engineerTo>
<item key="209A5F52-6DB6-EF23-351E-C4CC7B7E38DC" value="false"/>
</engineerTo>
<pk>true</pk>
<usedAttributes>
<attributeRef>089FBF6C-9C79-3365-7852-A843FD26D5EB</attributeRef>
<attributeRef>B091D9AD-D82B-CA02-4318-B06EC7B8DDF9</attributeRef>
<attributeRef>E8F83335-872F-CFA6-7CA7-1081B9DEEA8F</attributeRef>
<attributeRef>5001C66B-2033-D69A-B4A1-A19DDCE230C8</attributeRef>
</usedAttributes>
</identifier>
</identifiers>
</Entity>