<?xml version = '1.0' encoding = 'UTF-8'?>
<Entity class="oracle.dbtools.crest.model.design.logical.Entity" directorySegmentName="seg_0" id="7A6ECA47-C32A-DE18-D873-FBE796789A23" name="Empleado">
<createdBy>Ambiente</createdBy>
<createdTime>2023-02-27 22:21:03 UTC</createdTime>
<ownerDesignName>core</ownerDesignName>
<engineerTo>
<item key="209A5F52-6DB6-EF23-351E-C4CC7B7E38DC" value="true"/>
</engineerTo>
<adequatelyNormalized>NO</adequatelyNormalized>
<expectedVolumes>0</expectedVolumes>
<fwdEngineeringStrategyName>Single Table</fwdEngineeringStrategyName>
<growthPercent>0</growthPercent>
<growthType>Year</growthType>
<maxVolumes>9999999</maxVolumes>
<minVolumes>0</minVolumes>
<normalForm>Third</normalForm>
<attributes itemClass="oracle.dbtools.crest.model.design.logical.Attribute">
<Attribute name="EmpleadoId" id="97419FE2-EC0C-446F-CF3F-F03EA73A0AA9">
<createdBy>Ambiente</createdBy>
<createdTime>2023-02-27 22:21:17 UTC</createdTime>
<commentInRDBMS><![CDATA[Identificador único para cada empleado]]></commentInRDBMS>
<ownerDesignName>core</ownerDesignName>
<engineerTo>
<item key="209A5F52-6DB6-EF23-351E-C4CC7B7E38DC" value="true"/>
</engineerTo>
<useDomainConstraints>false</useDomainConstraints>
<use>1</use>
<logicalDatatype>LOGDT037</logicalDatatype>
<dataTypeSize>20 CHAR</dataTypeSize>
<ownDataTypeParameters>20 CHAR,,</ownDataTypeParameters>
</Attribute>
<Attribute name="Nombre" id="36682B2F-8AC3-65A0-DF5B-632682E406D0">
<createdBy>Ambiente</createdBy>
<createdTime>2023-02-27 22:21:25 UTC</createdTime>
<commentInRDBMS><![CDATA[Nombre del empleado]]></commentInRDBMS>
<ownerDesignName>core</ownerDesignName>
<engineerTo>
<item key="209A5F52-6DB6-EF23-351E-C4CC7B7E38DC" value="true"/>
</engineerTo>
<useDomainConstraints>false</useDomainConstraints>
<use>1</use>
<logicalDatatype>LOGDT037</logicalDatatype>
<dataTypeSize>30 CHAR</dataTypeSize>
<ownDataTypeParameters>30 CHAR,,</ownDataTypeParameters>
</Attribute>
<Attribute name="Apellido" id="8F4CB953-4CB5-D5CA-A182-AE6CBC3831F5">
<createdBy>Ambiente</createdBy>
<createdTime>2023-02-27 22:21:30 UTC</createdTime>
<commentInRDBMS><![CDATA[Apellido del empleado]]></commentInRDBMS>
<ownerDesignName>core</ownerDesignName>
<engineerTo>
<item key="209A5F52-6DB6-EF23-351E-C4CC7B7E38DC" value="true"/>
</engineerTo>
<useDomainConstraints>false</useDomainConstraints>
<use>1</use>
<logicalDatatype>LOGDT037</logicalDatatype>
<dataTypeSize>30 CHAR</dataTypeSize>
<ownDataTypeParameters>30 CHAR,,</ownDataTypeParameters>
</Attribute>
<Attribute name="Cargo" id="EB345639-3C7C-64D3-DD13-6B2EE5FBB309">
<createdBy>Ambiente</createdBy>
<createdTime>2023-02-27 22:21:34 UTC</createdTime>
<commentInRDBMS><![CDATA[Cargo del empleado]]></commentInRDBMS>
<ownerDesignName>core</ownerDesignName>
<engineerTo>
<item key="209A5F52-6DB6-EF23-351E-C4CC7B7E38DC" value="true"/>
</engineerTo>
<useDomainConstraints>false</useDomainConstraints>
<use>1</use>
<logicalDatatype>LOGDT037</logicalDatatype>
<dataTypeSize>30</dataTypeSize>
<ownDataTypeParameters>30,,</ownDataTypeParameters>
</Attribute>
<Attribute name="Fecha inicio labor" id="114B4D82-B2AB-09E1-BBC0-1BFA0997712D">
<createdBy>Ambiente</createdBy>
<createdTime>2023-02-27 22:21:38 UTC</createdTime>
<commentInRDBMS><![CDATA[Fecha en que inicio el cargo en la empresa]]></commentInRDBMS>
<ownerDesignName>core</ownerDesignName>
<engineerTo>
<item key="209A5F52-6DB6-EF23-351E-C4CC7B7E38DC" value="true"/>
</engineerTo>
<useDomainConstraints>false</useDomainConstraints>
<use>1</use>
<logicalDatatype>LOGDT007</logicalDatatype>
<ownDataTypeParameters>,,</ownDataTypeParameters>
</Attribute>
<Attribute name="Fecha fin labor" id="0861085A-57E0-BB5E-A250-7F5A64895FCE">
<createdBy>Ambiente</createdBy>
<createdTime>2023-02-27 22:21:48 UTC</createdTime>
<commentInRDBMS><![CDATA[Fecha en que inicio el cargo en la empresa]]></commentInRDBMS>
<ownerDesignName>core</ownerDesignName>
<engineerTo>
<item key="209A5F52-6DB6-EF23-351E-C4CC7B7E38DC" value="true"/>
</engineerTo>
<useDomainConstraints>false</useDomainConstraints>
<use>1</use>
<logicalDatatype>LOGDT007</logicalDatatype>
<ownDataTypeParameters>,,</ownDataTypeParameters>
</Attribute>
<Attribute name="facturaId" id="473E6E1E-CD7F-F772-C2A0-6FCA3BB9F0D8">
<createdBy>kelly</createdBy>
<createdTime>2023-04-11 09:14:42 UTC</createdTime>
<commentInRDBMS><![CDATA[ventas realizadas]]></commentInRDBMS>
<generatorID>88FDCB78-6B54-BF6F-6FEC-2182A60965EB</generatorID>
<ownerDesignName>core</ownerDesignName>
<engineerTo>
<item key="209A5F52-6DB6-EF23-351E-C4CC7B7E38DC" value="true"/>
</engineerTo>
<referedAttribute>B7AFF668-2429-9495-71C1-7D881BB5F0C2</referedAttribute>
<useDomainConstraints>false</useDomainConstraints>
<use>1</use>
<logicalDatatype>LOGDT037</logicalDatatype>
<dataTypeSize>34 CHAR</dataTypeSize>
<ownDataTypeParameters>,,</ownDataTypeParameters>
</Attribute>
</attributes>
<identifiers itemClass="oracle.dbtools.crest.model.design.logical.CandidateKey">
<identifier id="7433ED7C-A9D4-BE7A-7137-E611D4138662" name="Empleado PK">
<createdBy>Ambiente</createdBy>
<createdTime>2023-02-27 22:25:33 UTC</createdTime>
<ownerDesignName>core</ownerDesignName>
<shouldEngineer>false</shouldEngineer>
<engineerTo>
<item key="209A5F52-6DB6-EF23-351E-C4CC7B7E38DC" value="false"/>
</engineerTo>
<pk>true</pk>
<usedAttributes>
<attributeRef>97419FE2-EC0C-446F-CF3F-F03EA73A0AA9</attributeRef>
</usedAttributes>
</identifier>
</identifiers>
</Entity>