<?xml version = '1.0' encoding = 'UTF-8'?>
<Entity class="oracle.dbtools.crest.model.design.logical.Entity" directorySegmentName="seg_0" id="817026DA-3854-6D01-CC9F-7E1A04F031CB" name="Proveedores">
<createdBy>Ambiente</createdBy>
<createdTime>2023-02-27 23:22:35 UTC</createdTime>
<ownerDesignName>core</ownerDesignName>
<engineerTo>
<item key="209A5F52-6DB6-EF23-351E-C4CC7B7E38DC" value="true"/>
</engineerTo>
<adequatelyNormalized>NO</adequatelyNormalized>
<expectedVolumes>0</expectedVolumes>
<fwdEngineeringStrategyName>Single Table</fwdEngineeringStrategyName>
<growthPercent>0</growthPercent>
<growthType>Year</growthType>
<maxVolumes>9999999</maxVolumes>
<minVolumes>0</minVolumes>
<normalForm>Third</normalForm>
<attributes itemClass="oracle.dbtools.crest.model.design.logical.Attribute">
<Attribute name=" proveedoresid" id="C215AB86-040E-B6A7-999B-1ED3FA99F792">
<createdBy>Ambiente</createdBy>
<createdTime>2023-02-27 23:22:45 UTC</createdTime>
<commentInRDBMS><![CDATA[id de proveedor]]></commentInRDBMS>
<ownerDesignName>core</ownerDesignName>
<engineerTo>
<item key="209A5F52-6DB6-EF23-351E-C4CC7B7E38DC" value="true"/>
</engineerTo>
<useDomainConstraints>false</useDomainConstraints>
<use>1</use>
<logicalDatatype>LOGDT037</logicalDatatype>
<dataTypeSize>32 CHAR</dataTypeSize>
<ownDataTypeParameters>32 CHAR,,</ownDataTypeParameters>
</Attribute>
<Attribute name="Nombre" id="D7648F64-4DB4-A638-6C16-F75356B03D45">
<createdBy>Ambiente</createdBy>
<createdTime>2023-02-27 23:23:09 UTC</createdTime>
<commentInRDBMS><![CDATA[nombre del proveedor]]></commentInRDBMS>
<ownerDesignName>core</ownerDesignName>
<engineerTo>
<item key="209A5F52-6DB6-EF23-351E-C4CC7B7E38DC" value="true"/>
</engineerTo>
<useDomainConstraints>false</useDomainConstraints>
<use>1</use>
<logicalDatatype>LOGDT037</logicalDatatype>
<dataTypeSize>32 CHAR</dataTypeSize>
<ownDataTypeParameters>32 CHAR,,</ownDataTypeParameters>
</Attribute>
<Attribute name="direccion" id="9538E723-7B8E-F94A-2B8A-EC1970D6915A">
<createdBy>Ambiente</createdBy>
<createdTime>2023-02-27 23:23:24 UTC</createdTime>
<commentInRDBMS><![CDATA[direccion del proveedor]]></commentInRDBMS>
<ownerDesignName>core</ownerDesignName>
<engineerTo>
<item key="209A5F52-6DB6-EF23-351E-C4CC7B7E38DC" value="true"/>
</engineerTo>
<useDomainConstraints>false</useDomainConstraints>
<use>1</use>
<logicalDatatype>LOGDT037</logicalDatatype>
<dataTypeSize>32 CHAR</dataTypeSize>
<ownDataTypeParameters>32 CHAR,,</ownDataTypeParameters>
</Attribute>
<Attribute name="telefono" id="6415D4F8-B4A8-B350-2D29-2E62426F596A">
<createdBy>kelly</createdBy>
<createdTime>2023-04-11 08:50:03 UTC</createdTime>
<commentInRDBMS><![CDATA[telefono del proveedor]]></commentInRDBMS>
<ownerDesignName>core</ownerDesignName>
<engineerTo>
<item key="209A5F52-6DB6-EF23-351E-C4CC7B7E38DC" value="true"/>
</engineerTo>
<useDomainConstraints>false</useDomainConstraints>
<use>1</use>
<logicalDatatype>LOGDT025</logicalDatatype>
<dataTypeSize>30</dataTypeSize>
<ownDataTypeParameters>30,,</ownDataTypeParameters>
</Attribute>
<Attribute name="DocumentoIdentidad" id="BDFC3DD4-EFD6-70B4-E966-3DAA4905845D">
<createdBy>kelly</createdBy>
<createdTime>2023-04-11 08:50:17 UTC</createdTime>
<commentInRDBMS><![CDATA[documento de identidad del proveedor]]></commentInRDBMS>
<ownerDesignName>core</ownerDesignName>
<engineerTo>
<item key="209A5F52-6DB6-EF23-351E-C4CC7B7E38DC" value="true"/>
</engineerTo>
<useDomainConstraints>false</useDomainConstraints>
<use>1</use>
<logicalDatatype>LOGDT025</logicalDatatype>
<dataTypeSize>15</dataTypeSize>
<ownDataTypeParameters>15,,</ownDataTypeParameters>
</Attribute>
<Attribute name="Cuentabancaria" id="129EAC47-8EE6-278A-7749-93D9AA874370">
<createdBy>kelly</createdBy>
<createdTime>2023-04-11 08:50:52 UTC</createdTime>
<commentInRDBMS><![CDATA[cuenta bancaria del proveedor]]></commentInRDBMS>
<ownerDesignName>core</ownerDesignName>
<engineerTo>
<item key="209A5F52-6DB6-EF23-351E-C4CC7B7E38DC" value="true"/>
</engineerTo>
<useDomainConstraints>false</useDomainConstraints>
<use>1</use>
<logicalDatatype>LOGDT025</logicalDatatype>
<ownDataTypeParameters>,,</ownDataTypeParameters>
</Attribute>
<Attribute name="correo" id="1CB3C289-9D05-6C6D-64C0-E506711DBBD2">
<createdBy>kelly</createdBy>
<createdTime>2023-04-11 08:51:35 UTC</createdTime>
<commentInRDBMS><![CDATA[correo del proveedor]]></commentInRDBMS>
<ownerDesignName>core</ownerDesignName>
<engineerTo>
<item key="209A5F52-6DB6-EF23-351E-C4CC7B7E38DC" value="true"/>
</engineerTo>
<useDomainConstraints>false</useDomainConstraints>
<use>1</use>
<logicalDatatype>LOGDT025</logicalDatatype>
<dataTypeSize>50</dataTypeSize>
<ownDataTypeParameters>50,,</ownDataTypeParameters>
</Attribute>
</attributes>
<identifiers itemClass="oracle.dbtools.crest.model.design.logical.CandidateKey">
<identifier id="99E87F43-8304-EA12-F5D1-73C5DD8341FC" name="proveedores PK">
<createdBy>Ambiente</createdBy>
<createdTime>2023-02-27 23:23:02 UTC</createdTime>
<ownerDesignName>core</ownerDesignName>
<shouldEngineer>false</shouldEngineer>
<engineerTo>
<item key="209A5F52-6DB6-EF23-351E-C4CC7B7E38DC" value="false"/>
</engineerTo>
<pk>true</pk>
<usedAttributes>
<attributeRef>C215AB86-040E-B6A7-999B-1ED3FA99F792</attributeRef>
</usedAttributes>
</identifier>
</identifiers>
</Entity>