<?xml version = '1.0' encoding = 'UTF-8'?>
<Entity class="oracle.dbtools.crest.model.design.logical.Entity" directorySegmentName="seg_0" id="84F5DFE5-06FB-76D4-425F-4EC4C1541978" name="Factura">
<createdBy>Ambiente</createdBy>
<createdTime>2023-02-27 21:24:19 UTC</createdTime>
<ownerDesignName>core</ownerDesignName>
<engineerTo>
<item key="209A5F52-6DB6-EF23-351E-C4CC7B7E38DC" value="true"/>
</engineerTo>
<adequatelyNormalized>NO</adequatelyNormalized>
<expectedVolumes>0</expectedVolumes>
<fwdEngineeringStrategyName>Single Table</fwdEngineeringStrategyName>
<growthPercent>0</growthPercent>
<growthType>Year</growthType>
<maxVolumes>9999999</maxVolumes>
<minVolumes>0</minVolumes>
<normalForm>Third</normalForm>
<attributes itemClass="oracle.dbtools.crest.model.design.logical.Attribute">
<Attribute name="facturaId" id="B7AFF668-2429-9495-71C1-7D881BB5F0C2">
<createdBy>Ambiente</createdBy>
<createdTime>2023-02-27 21:29:55 UTC</createdTime>
<commentInRDBMS><![CDATA[codigo del factura]]></commentInRDBMS>
<ownerDesignName>core</ownerDesignName>
<engineerTo>
<item key="209A5F52-6DB6-EF23-351E-C4CC7B7E38DC" value="true"/>
</engineerTo>
<useDomainConstraints>false</useDomainConstraints>
<use>1</use>
<logicalDatatype>LOGDT037</logicalDatatype>
<dataTypeSize>34 CHAR</dataTypeSize>
<ownDataTypeParameters>34 CHAR,,</ownDataTypeParameters>
</Attribute>
<Attribute name="fecha" id="FE8CB7CD-D994-055F-292C-63B1E6398D88">
<createdBy>Ambiente</createdBy>
<createdTime>2023-02-27 21:30:03 UTC</createdTime>
<comment><![CDATA[fecha compra]]></comment>
<commentInRDBMS><![CDATA[fecha de la compra]]></commentInRDBMS>
<ownerDesignName>core</ownerDesignName>
<engineerTo>
<item key="209A5F52-6DB6-EF23-351E-C4CC7B7E38DC" value="true"/>
</engineerTo>
<useDomainConstraints>false</useDomainConstraints>
<use>1</use>
<logicalDatatype>LOGDT007</logicalDatatype>
<ownDataTypeParameters>,,</ownDataTypeParameters>
</Attribute>
<Attribute name="subtotal" id="145DD9A3-6CAC-4017-B635-EB876F8A03DB">
<createdBy>Ambiente</createdBy>
<createdTime>2023-02-27 21:30:12 UTC</createdTime>
<comment><![CDATA[subtotal de compra]]></comment>
<commentInRDBMS><![CDATA[monto a pagar principalmente ]]></commentInRDBMS>
<ownerDesignName>core</ownerDesignName>
<engineerTo>
<item key="209A5F52-6DB6-EF23-351E-C4CC7B7E38DC" value="true"/>
</engineerTo>
<useDomainConstraints>false</useDomainConstraints>
<use>1</use>
<logicalDatatype>LOGDT019</logicalDatatype>
<dataTypePrecision>12</dataTypePrecision>
<dataTypeScale>12</dataTypeScale>
<ownDataTypeParameters>,12,12</ownDataTypeParameters>
</Attribute>
<Attribute name="iva" id="02374CE7-B89B-E104-2962-E7E66CCB4B27">
<createdBy>Ambiente</createdBy>
<createdTime>2023-02-27 21:30:18 UTC</createdTime>
<comment><![CDATA[iva de compra]]></comment>
<commentInRDBMS><![CDATA[lo que se le agrega al subtotal]]></commentInRDBMS>
<ownerDesignName>core</ownerDesignName>
<engineerTo>
<item key="209A5F52-6DB6-EF23-351E-C4CC7B7E38DC" value="true"/>
</engineerTo>
<useDomainConstraints>false</useDomainConstraints>
<use>1</use>
<logicalDatatype>LOGDT019</logicalDatatype>
<dataTypePrecision>12</dataTypePrecision>
<dataTypeScale>12</dataTypeScale>
<ownDataTypeParameters>,12,12</ownDataTypeParameters>
</Attribute>
<Attribute name="total" id="65B2420F-75DB-E0B0-2FF1-2BACEA0851E5">
<createdBy>Ambiente</createdBy>
<createdTime>2023-02-27 21:30:21 UTC</createdTime>
<comment><![CDATA[total de compra]]></comment>
<commentInRDBMS><![CDATA[cantidad final a pagar ]]></commentInRDBMS>
<ownerDesignName>core</ownerDesignName>
<engineerTo>
<item key="209A5F52-6DB6-EF23-351E-C4CC7B7E38DC" value="true"/>
</engineerTo>
<useDomainConstraints>false</useDomainConstraints>
<use>1</use>
<logicalDatatype>LOGDT019</logicalDatatype>
<dataTypePrecision>12</dataTypePrecision>
<dataTypeScale>12</dataTypeScale>
<ownDataTypeParameters>,12,12</ownDataTypeParameters>
</Attribute>
<Attribute name="ClienteId1" id="B4B4CCF7-A8C3-C94E-E464-C4B4B901CCBB">
<createdBy>Ambiente</createdBy>
<createdTime>2023-02-27 23:14:40 UTC</createdTime>
<generatorID>D3146009-0F4D-7FF5-2649-F62EDFBEE1B4</generatorID>
<ownerDesignName>core</ownerDesignName>
<engineerTo>
<item key="209A5F52-6DB6-EF23-351E-C4CC7B7E38DC" value="true"/>
</engineerTo>
<referedAttribute>F16B7C2B-1E01-6841-3B3E-B13886C339B6</referedAttribute>
<useDomainConstraints>false</useDomainConstraints>
<use>1</use>
<logicalDatatype>LOGDT057</logicalDatatype>
<dataTypeSize>15 CHAR</dataTypeSize>
<ownDataTypeParameters>,,</ownDataTypeParameters>
</Attribute>
</attributes>
<identifiers itemClass="oracle.dbtools.crest.model.design.logical.CandidateKey">
<identifier id="9D930FD3-D30D-E364-8338-A81923F9AD8C" name="Factura PK">
<createdBy>Ambiente</createdBy>
<createdTime>2023-02-27 21:30:39 UTC</createdTime>
<ownerDesignName>core</ownerDesignName>
<shouldEngineer>false</shouldEngineer>
<engineerTo>
<item key="209A5F52-6DB6-EF23-351E-C4CC7B7E38DC" value="false"/>
</engineerTo>
<pk>true</pk>
<usedAttributes>
<attributeRef>B7AFF668-2429-9495-71C1-7D881BB5F0C2</attributeRef>
</usedAttributes>
</identifier>
</identifiers>
</Entity>