<?xml version = '1.0' encoding = 'UTF-8'?>
<Entity class="oracle.dbtools.crest.model.design.logical.Entity" directorySegmentName="seg_0" id="86733597-862C-5F09-83DD-5DEE250CDD3D" name="Inventario">
<createdBy>Ambiente</createdBy>
<createdTime>2023-02-27 21:58:02 UTC</createdTime>
<ownerDesignName>core</ownerDesignName>
<engineerTo>
<item key="209A5F52-6DB6-EF23-351E-C4CC7B7E38DC" value="true"/>
</engineerTo>
<adequatelyNormalized>NO</adequatelyNormalized>
<expectedVolumes>0</expectedVolumes>
<fwdEngineeringStrategyName>Single Table</fwdEngineeringStrategyName>
<growthPercent>0</growthPercent>
<growthType>Year</growthType>
<maxVolumes>9999999</maxVolumes>
<minVolumes>0</minVolumes>
<normalForm>Third</normalForm>
<attributes itemClass="oracle.dbtools.crest.model.design.logical.Attribute">
<Attribute name="ProductoId" id="25089821-06D0-17EA-CF80-1D74799152B6">
<createdBy>Ambiente</createdBy>
<createdTime>2023-02-27 21:58:32 UTC</createdTime>
<commentInRDBMS><![CDATA[id producto]]></commentInRDBMS>
<ownerDesignName>core</ownerDesignName>
<engineerTo>
<item key="209A5F52-6DB6-EF23-351E-C4CC7B7E38DC" value="true"/>
</engineerTo>
<useDomainConstraints>false</useDomainConstraints>
<use>1</use>
<logicalDatatype>LOGDT025</logicalDatatype>
<dataTypeSize>30</dataTypeSize>
<ownDataTypeParameters>30,,</ownDataTypeParameters>
</Attribute>
<Attribute name="NombreProducto" id="7447D3E9-AA09-C01B-DFB1-3B066D6F60C4">
<createdBy>Ambiente</createdBy>
<createdTime>2023-02-27 21:58:10 UTC</createdTime>
<commentInRDBMS><![CDATA[nombre del producto]]></commentInRDBMS>
<ownerDesignName>core</ownerDesignName>
<engineerTo>
<item key="209A5F52-6DB6-EF23-351E-C4CC7B7E38DC" value="true"/>
</engineerTo>
<nullsAllowed>true</nullsAllowed>
<useDomainConstraints>false</useDomainConstraints>
<use>1</use>
<logicalDatatype>LOGDT025</logicalDatatype>
<dataTypeSize>30</dataTypeSize>
<ownDataTypeParameters>30,,</ownDataTypeParameters>
</Attribute>
<Attribute name="PrecioProducto" id="44D7F5EF-5CF7-3A62-1960-CE012D2E6030">
<createdBy>Ambiente</createdBy>
<createdTime>2023-02-27 21:58:47 UTC</createdTime>
<commentInRDBMS><![CDATA[precio del producto]]></commentInRDBMS>
<ownerDesignName>core</ownerDesignName>
<engineerTo>
<item key="209A5F52-6DB6-EF23-351E-C4CC7B7E38DC" value="true"/>
</engineerTo>
<nullsAllowed>true</nullsAllowed>
<useDomainConstraints>false</useDomainConstraints>
<use>1</use>
<logicalDatatype>LOGDT025</logicalDatatype>
<dataTypeSize>30</dataTypeSize>
<ownDataTypeParameters>30,,</ownDataTypeParameters>
</Attribute>
<Attribute name="CantidadProducto" id="48B08484-433D-1AEF-83D5-7FBC8BB53082">
<createdBy>Ambiente</createdBy>
<createdTime>2023-02-27 21:58:58 UTC</createdTime>
<commentInRDBMS><![CDATA[cabtidad del producto]]></commentInRDBMS>
<ownerDesignName>core</ownerDesignName>
<engineerTo>
<item key="209A5F52-6DB6-EF23-351E-C4CC7B7E38DC" value="true"/>
</engineerTo>
<nullsAllowed>true</nullsAllowed>
<useDomainConstraints>false</useDomainConstraints>
<use>1</use>
<logicalDatatype>LOGDT025</logicalDatatype>
<dataTypeSize>30</dataTypeSize>
<ownDataTypeParameters>30,,</ownDataTypeParameters>
</Attribute>
<Attribute name="MarcaProducto" id="2E49ABBF-71E8-FC97-8C4E-2DA8270029BC">
<createdBy>Ambiente</createdBy>
<createdTime>2023-02-27 21:59:08 UTC</createdTime>
<commentInRDBMS><![CDATA[marca del producto]]></commentInRDBMS>
<ownerDesignName>core</ownerDesignName>
<engineerTo>
<item key="209A5F52-6DB6-EF23-351E-C4CC7B7E38DC" value="true"/>
</engineerTo>
<nullsAllowed>true</nullsAllowed>
<useDomainConstraints>false</useDomainConstraints>
<use>1</use>
<logicalDatatype>LOGDT025</logicalDatatype>
<dataTypeSize>30</dataTypeSize>
<ownDataTypeParameters>30,,</ownDataTypeParameters>
</Attribute>
<Attribute name="ClasificaciónProducto" id="A8399EEB-C461-6CAF-4918-17FA2DF084B9">
<createdBy>Ambiente</createdBy>
<createdTime>2023-02-27 21:59:46 UTC</createdTime>
<commentInRDBMS><![CDATA[clasificacion del producto]]></commentInRDBMS>
<ownerDesignName>core</ownerDesignName>
<engineerTo>
<item key="209A5F52-6DB6-EF23-351E-C4CC7B7E38DC" value="true"/>
</engineerTo>
<nullsAllowed>true</nullsAllowed>
<useDomainConstraints>false</useDomainConstraints>
<use>1</use>
<logicalDatatype>LOGDT025</logicalDatatype>
<dataTypeSize>30</dataTypeSize>
<ownDataTypeParameters>30,,</ownDataTypeParameters>
</Attribute>
<Attribute name="idStock" id="369FFCF1-AF77-3569-727F-A5DAF5ED68B7">
<createdBy>kelly</createdBy>
<createdTime>2023-04-11 09:46:45 UTC</createdTime>
<generatorID>4672B355-BF92-569E-9A7B-592F44C03F03</generatorID>
<ownerDesignName>core</ownerDesignName>
<engineerTo>
<item key="209A5F52-6DB6-EF23-351E-C4CC7B7E38DC" value="true"/>
</engineerTo>
<referedAttribute>161F938E-9608-EC03-AEB6-753D96BEC793</referedAttribute>
<useDomainConstraints>false</useDomainConstraints>
<use>1</use>
<logicalDatatype>LOGDT025</logicalDatatype>
<dataTypeSize>50</dataTypeSize>
<ownDataTypeParameters>,,</ownDataTypeParameters>
</Attribute>
</attributes>
<identifiers itemClass="oracle.dbtools.crest.model.design.logical.CandidateKey">
<identifier id="BB259E28-CA7B-AC1C-A846-9C60BD883034" name="Inventario PK">
<createdBy>Ambiente</createdBy>
<createdTime>2023-02-27 22:00:40 UTC</createdTime>
<ownerDesignName>core</ownerDesignName>
<shouldEngineer>false</shouldEngineer>
<engineerTo>
<item key="209A5F52-6DB6-EF23-351E-C4CC7B7E38DC" value="false"/>
</engineerTo>
<pk>true</pk>
<usedAttributes>
<attributeRef>25089821-06D0-17EA-CF80-1D74799152B6</attributeRef>
</usedAttributes>
</identifier>
</identifiers>
</Entity>