<?xml version = '1.0' encoding = 'UTF-8'?>
<Entity class="oracle.dbtools.crest.model.design.logical.Entity" directorySegmentName="seg_0" id="8DB4FCE9-59EA-9832-3569-FD57D030A0DC" name="Efectivo">
<createdBy>Ambiente</createdBy>
<createdTime>2023-02-27 21:24:36 UTC</createdTime>
<ownerDesignName>core</ownerDesignName>
<engineerTo>
<item key="209A5F52-6DB6-EF23-351E-C4CC7B7E38DC" value="true"/>
</engineerTo>
<adequatelyNormalized>NO</adequatelyNormalized>
<expectedVolumes>0</expectedVolumes>
<fwdEngineeringStrategyName>Single Table</fwdEngineeringStrategyName>
<growthPercent>0</growthPercent>
<growthType>Year</growthType>
<hierarchicalParent>345D6907-DD68-1854-91E3-3AA70F65DD27</hierarchicalParent>
<maxVolumes>9999999</maxVolumes>
<minVolumes>0</minVolumes>
<normalForm>Third</normalForm>
<attributes itemClass="oracle.dbtools.crest.model.design.logical.Attribute">
<Attribute name="facturaId" id="4C355B99-64F4-99D2-7497-1DC3661D14DE">
<createdBy>Ambiente</createdBy>
<createdTime>2023-02-27 23:15:19 UTC</createdTime>
<commentInRDBMS><![CDATA[fcatuda id]]></commentInRDBMS>
<generatorID>C2549902-CC27-F6F7-A12E-494C4FF5EBD3</generatorID>
<ownerDesignName>core</ownerDesignName>
<engineerTo>
<item key="209A5F52-6DB6-EF23-351E-C4CC7B7E38DC" value="true"/>
</engineerTo>
<referedAttribute>C26F8829-15BD-4299-39C8-7DDB83A59EC6</referedAttribute>
<useDomainConstraints>false</useDomainConstraints>
<use>1</use>
<logicalDatatype>LOGDT057</logicalDatatype>
<dataTypeSize>32 CHAR</dataTypeSize>
<ownDataTypeParameters>32 CHAR,,</ownDataTypeParameters>
</Attribute>
</attributes>
</Entity>