<?xml version = '1.0' encoding = 'UTF-8'?>
<Entity class="oracle.dbtools.crest.model.design.logical.Entity" directorySegmentName="seg_0" id="A5D4E982-B8C6-C5C3-6AB8-2117E44EC5BE" name="Productos">
<createdBy>Ambiente</createdBy>
<createdTime>2023-02-27 21:24:14 UTC</createdTime>
<ownerDesignName>core</ownerDesignName>
<engineerTo>
<item key="209A5F52-6DB6-EF23-351E-C4CC7B7E38DC" value="true"/>
</engineerTo>
<adequatelyNormalized>NO</adequatelyNormalized>
<expectedVolumes>0</expectedVolumes>
<fwdEngineeringStrategyName>Single Table</fwdEngineeringStrategyName>
<growthPercent>0</growthPercent>
<growthType>Year</growthType>
<maxVolumes>9999999</maxVolumes>
<minVolumes>0</minVolumes>
<normalForm>Third</normalForm>
<attributes itemClass="oracle.dbtools.crest.model.design.logical.Attribute">
<Attribute name="ProductoId" id="76F638E9-3180-1766-3C14-3C4DB6BB3CF5">
<createdBy>Ambiente</createdBy>
<createdTime>2023-02-27 21:51:19 UTC</createdTime>
<commentInRDBMS><![CDATA[id de producto]]></commentInRDBMS>
<ownerDesignName>core</ownerDesignName>
<engineerTo>
<item key="209A5F52-6DB6-EF23-351E-C4CC7B7E38DC" value="true"/>
</engineerTo>
<useDomainConstraints>false</useDomainConstraints>
<use>1</use>
<logicalDatatype>LOGDT037</logicalDatatype>
<dataTypeSize>32 CHAR</dataTypeSize>
<ownDataTypeParameters>32 CHAR,,</ownDataTypeParameters>
</Attribute>
<Attribute name="Nombre" id="FD419B2C-F886-031D-034B-B1461D78D8F2">
<createdBy>Ambiente</createdBy>
<createdTime>2023-02-27 21:51:35 UTC</createdTime>
<commentInRDBMS><![CDATA[nombre del producto]]></commentInRDBMS>
<ownerDesignName>core</ownerDesignName>
<engineerTo>
<item key="209A5F52-6DB6-EF23-351E-C4CC7B7E38DC" value="true"/>
</engineerTo>
<useDomainConstraints>false</useDomainConstraints>
<use>1</use>
<logicalDatatype>LOGDT037</logicalDatatype>
<dataTypeSize>32 CHAR</dataTypeSize>
<ownDataTypeParameters>32 CHAR,,</ownDataTypeParameters>
</Attribute>
<Attribute name="Precio" id="9494D4C9-D478-B516-5CB0-713545558672">
<createdBy>Ambiente</createdBy>
<createdTime>2023-02-27 21:51:39 UTC</createdTime>
<commentInRDBMS><![CDATA[precio del producto]]></commentInRDBMS>
<ownerDesignName>core</ownerDesignName>
<engineerTo>
<item key="209A5F52-6DB6-EF23-351E-C4CC7B7E38DC" value="true"/>
</engineerTo>
<useDomainConstraints>false</useDomainConstraints>
<use>1</use>
<logicalDatatype>LOGDT037</logicalDatatype>
<dataTypeSize>32 CHAR</dataTypeSize>
<ownDataTypeParameters>32 CHAR,,</ownDataTypeParameters>
</Attribute>
<Attribute name="Marca" id="525CCC06-F516-9FDA-39ED-DE1B82B5693F">
<createdBy>Ambiente</createdBy>
<createdTime>2023-02-27 21:51:46 UTC</createdTime>
<commentInRDBMS><![CDATA[marca del producto]]></commentInRDBMS>
<ownerDesignName>core</ownerDesignName>
<engineerTo>
<item key="209A5F52-6DB6-EF23-351E-C4CC7B7E38DC" value="true"/>
</engineerTo>
<useDomainConstraints>false</useDomainConstraints>
<use>1</use>
<logicalDatatype>LOGDT037</logicalDatatype>
<dataTypeSize>32 CHAR</dataTypeSize>
<ownDataTypeParameters>32 CHAR,,</ownDataTypeParameters>
</Attribute>
<Attribute name="Clasificación" id="B652724C-032E-D1F3-E818-780F8310A035">
<createdBy>Ambiente</createdBy>
<createdTime>2023-02-27 21:51:53 UTC</createdTime>
<commentInRDBMS><![CDATA[clasificacion del producto]]></commentInRDBMS>
<ownerDesignName>core</ownerDesignName>
<engineerTo>
<item key="209A5F52-6DB6-EF23-351E-C4CC7B7E38DC" value="true"/>
</engineerTo>
<useDomainConstraints>false</useDomainConstraints>
<use>1</use>
<logicalDatatype>LOGDT037</logicalDatatype>
<dataTypeSize>32 CHAR</dataTypeSize>
<ownDataTypeParameters>32 CHAR,,</ownDataTypeParameters>
</Attribute>
<Attribute name="Inventario ProductoId" id="51577DAE-6696-9510-2D72-BE58152B546D">
<createdBy>Ambiente</createdBy>
<createdTime>2023-02-27 23:28:39 UTC</createdTime>
<generatorID>FEB6B00C-75AF-4E6A-6D85-65B905DB9DED</generatorID>
<ownerDesignName>core</ownerDesignName>
<engineerTo>
<item key="209A5F52-6DB6-EF23-351E-C4CC7B7E38DC" value="true"/>
</engineerTo>
<referedAttribute>25089821-06D0-17EA-CF80-1D74799152B6</referedAttribute>
<useDomainConstraints>false</useDomainConstraints>
<use>1</use>
<logicalDatatype>LOGDT025</logicalDatatype>
<dataTypeSize>30</dataTypeSize>
<ownDataTypeParameters>,,</ownDataTypeParameters>
</Attribute>
<Attribute name=" proveedoresid" id="0C41A59B-A814-0FA3-AD5C-B87B252F7BBC">
<createdBy>Ambiente</createdBy>
<createdTime>2023-02-27 23:32:09 UTC</createdTime>
<generatorID>0BE8426D-8925-A5EF-D08B-E97EBE4B9804</generatorID>
<ownerDesignName>core</ownerDesignName>
<engineerTo>
<item key="209A5F52-6DB6-EF23-351E-C4CC7B7E38DC" value="true"/>
</engineerTo>
<referedAttribute>C215AB86-040E-B6A7-999B-1ED3FA99F792</referedAttribute>
<useDomainConstraints>false</useDomainConstraints>
<use>1</use>
<logicalDatatype>LOGDT037</logicalDatatype>
<dataTypeSize>32 CHAR</dataTypeSize>
<ownDataTypeParameters>,,</ownDataTypeParameters>
</Attribute>
</attributes>
<identifiers itemClass="oracle.dbtools.crest.model.design.logical.CandidateKey">
<identifier id="0AE61E45-BECA-4632-C7BA-3563AE64F890" name="Productos PK">
<createdBy>Ambiente</createdBy>
<createdTime>2023-02-27 23:07:13 UTC</createdTime>
<ownerDesignName>core</ownerDesignName>
<shouldEngineer>false</shouldEngineer>
<engineerTo>
<item key="209A5F52-6DB6-EF23-351E-C4CC7B7E38DC" value="false"/>
</engineerTo>
<pk>true</pk>
<usedAttributes>
<attributeRef>76F638E9-3180-1766-3C14-3C4DB6BB3CF5</attributeRef>
<attributeRef>51577DAE-6696-9510-2D72-BE58152B546D</attributeRef>
</usedAttributes>
</identifier>
</identifiers>
</Entity>