<?xml version = '1.0' encoding = 'UTF-8'?>
<Entity class="oracle.dbtools.crest.model.design.logical.Entity" directorySegmentName="seg_0" id="C23408B7-E598-0AD8-7506-AF7CCAD8B36D" name="Stock">
<createdBy>Ambiente</createdBy>
<createdTime>2023-02-27 21:24:51 UTC</createdTime>
<ownerDesignName>core</ownerDesignName>
<engineerTo>
<item key="209A5F52-6DB6-EF23-351E-C4CC7B7E38DC" value="true"/>
</engineerTo>
<adequatelyNormalized>NO</adequatelyNormalized>
<expectedVolumes>0</expectedVolumes>
<fwdEngineeringStrategyName>Single Table</fwdEngineeringStrategyName>
<growthPercent>0</growthPercent>
<growthType>Year</growthType>
<maxVolumes>9999999</maxVolumes>
<minVolumes>0</minVolumes>
<normalForm>Third</normalForm>
<attributes itemClass="oracle.dbtools.crest.model.design.logical.Attribute">
<Attribute name="Cant Max" id="3195E0D1-9EA2-9B82-8AD6-03A21D8143FC">
<createdBy>Ambiente</createdBy>
<createdTime>2023-02-27 22:39:53 UTC</createdTime>
<commentInRDBMS><![CDATA[cantidad maxima de Stock]]></commentInRDBMS>
<ownerDesignName>core</ownerDesignName>
<engineerTo>
<item key="209A5F52-6DB6-EF23-351E-C4CC7B7E38DC" value="true"/>
</engineerTo>
<useDomainConstraints>false</useDomainConstraints>
<use>1</use>
<logicalDatatype>LOGDT037</logicalDatatype>
<dataTypeSize>30 CHAR</dataTypeSize>
<ownDataTypeParameters>30 CHAR,,</ownDataTypeParameters>
</Attribute>
<Attribute name="cant min" id="A695B871-DB40-BF7A-3DE1-DE9969774F4C">
<createdBy>Ambiente</createdBy>
<createdTime>2023-02-27 22:40:49 UTC</createdTime>
<commentInRDBMS><![CDATA[cantidad minima de Stock]]></commentInRDBMS>
<ownerDesignName>core</ownerDesignName>
<engineerTo>
<item key="209A5F52-6DB6-EF23-351E-C4CC7B7E38DC" value="true"/>
</engineerTo>
<useDomainConstraints>false</useDomainConstraints>
<use>1</use>
<logicalDatatype>LOGDT037</logicalDatatype>
<dataTypeSize>30 CHAR</dataTypeSize>
<ownDataTypeParameters>30 CHAR,,</ownDataTypeParameters>
</Attribute>
<Attribute name="idStock" id="161F938E-9608-EC03-AEB6-753D96BEC793">
<createdBy>kelly</createdBy>
<createdTime>2023-04-11 09:46:17 UTC</createdTime>
<ownerDesignName>core</ownerDesignName>
<engineerTo>
<item key="209A5F52-6DB6-EF23-351E-C4CC7B7E38DC" value="true"/>
</engineerTo>
<useDomainConstraints>false</useDomainConstraints>
<use>1</use>
<logicalDatatype>LOGDT025</logicalDatatype>
<dataTypeSize>50</dataTypeSize>
<ownDataTypeParameters>50,,</ownDataTypeParameters>
</Attribute>
</attributes>
<identifiers itemClass="oracle.dbtools.crest.model.design.logical.CandidateKey">
<identifier id="473C42C5-3D88-7D23-B295-3D3E48E0014C" name="Stock PK">
<createdBy>Ambiente</createdBy>
<createdTime>2023-02-27 22:42:54 UTC</createdTime>
<ownerDesignName>core</ownerDesignName>
<shouldEngineer>false</shouldEngineer>
<engineerTo>
<item key="209A5F52-6DB6-EF23-351E-C4CC7B7E38DC" value="false"/>
</engineerTo>
<pk>true</pk>
<usedAttributes>
<attributeRef>161F938E-9608-EC03-AEB6-753D96BEC793</attributeRef>
</usedAttributes>
</identifier>
</identifiers>
</Entity>