<?xml version = '1.0' encoding = 'UTF-8'?>
<Entity class="oracle.dbtools.crest.model.design.logical.Entity" directorySegmentName="seg_0" id="F1D611F3-4AFD-86B4-47CB-DFC79F464895" name="HistorialEstante">
<createdBy>kelly</createdBy>
<createdTime>2023-03-28 08:29:34 UTC</createdTime>
<ownerDesignName>core</ownerDesignName>
<engineerTo>
<item key="209A5F52-6DB6-EF23-351E-C4CC7B7E38DC" value="true"/>
</engineerTo>
<adequatelyNormalized>NO</adequatelyNormalized>
<expectedVolumes>0</expectedVolumes>
<fwdEngineeringStrategyName>Single Table</fwdEngineeringStrategyName>
<growthPercent>0</growthPercent>
<growthType>Year</growthType>
<maxVolumes>9999999</maxVolumes>
<minVolumes>0</minVolumes>
<normalForm>Third</normalForm>
<attributes itemClass="oracle.dbtools.crest.model.design.logical.Attribute">
<Attribute name="fecha" id="E8FAAECD-D288-4CD2-CDED-1A94943B42A3">
<createdBy>kelly</createdBy>
<createdTime>2023-03-28 08:34:02 UTC</createdTime>
<ownerDesignName>core</ownerDesignName>
<engineerTo>
<item key="209A5F52-6DB6-EF23-351E-C4CC7B7E38DC" value="true"/>
</engineerTo>
<useDomainConstraints>false</useDomainConstraints>
<use>1</use>
<logicalDatatype>LOGDT025</logicalDatatype>
<dataTypeSize>30</dataTypeSize>
<ownDataTypeParameters>30,,</ownDataTypeParameters>
</Attribute>
<Attribute name="Tipomovimiento" id="5DABE0C1-EDD0-354D-8CC7-93B697873E3F">
<createdBy>kelly</createdBy>
<createdTime>2023-03-28 08:34:18 UTC</createdTime>
<ownerDesignName>core</ownerDesignName>
<engineerTo>
<item key="209A5F52-6DB6-EF23-351E-C4CC7B7E38DC" value="true"/>
</engineerTo>
<useDomainConstraints>false</useDomainConstraints>
<use>1</use>
<logicalDatatype>LOGDT025</logicalDatatype>
<ownDataTypeParameters>,,</ownDataTypeParameters>
</Attribute>
<Attribute name="Obcervaciones" id="48F1F0BC-8F9F-6417-30E6-3BCC090299A5">
<createdBy>kelly</createdBy>
<createdTime>2023-03-28 08:34:50 UTC</createdTime>
<ownerDesignName>core</ownerDesignName>
<engineerTo>
<item key="209A5F52-6DB6-EF23-351E-C4CC7B7E38DC" value="true"/>
</engineerTo>
<nullsAllowed>true</nullsAllowed>
<useDomainConstraints>false</useDomainConstraints>
<use>1</use>
<logicalDatatype>LOGDT025</logicalDatatype>
<dataTypeSize>60</dataTypeSize>
<ownDataTypeParameters>60,,</ownDataTypeParameters>
</Attribute>
<Attribute name="EstanteId" id="4C1BB08E-171B-9D45-9B71-22004889F40C">
<createdBy>kelly</createdBy>
<createdTime>2023-03-28 08:35:37 UTC</createdTime>
<generatorID>2BBA7DE9-C691-ED35-0BFB-B678E1191EFE</generatorID>
<ownerDesignName>core</ownerDesignName>
<engineerTo>
<item key="209A5F52-6DB6-EF23-351E-C4CC7B7E38DC" value="true"/>
</engineerTo>
<referedAttribute>1B98D7C6-7687-20DB-5649-88E956ED25BD</referedAttribute>
<useDomainConstraints>false</useDomainConstraints>
<use>1</use>
<logicalDatatype>LOGDT025</logicalDatatype>
<dataTypeSize>30</dataTypeSize>
<ownDataTypeParameters>30,,</ownDataTypeParameters>
</Attribute>
<Attribute name="EstanteriaId" id="977A77FA-4FC7-AA0C-F825-6C86255DB3E2">
<createdBy>kelly</createdBy>
<createdTime>2023-03-28 08:36:10 UTC</createdTime>
<generatorID>2BBA7DE9-C691-ED35-0BFB-B678E1191EFE</generatorID>
<ownerDesignName>core</ownerDesignName>
<engineerTo>
<item key="209A5F52-6DB6-EF23-351E-C4CC7B7E38DC" value="true"/>
</engineerTo>
<referedAttribute>71380D64-BCDD-1AFB-5F1A-C4BD36EE67A8</referedAttribute>
<useDomainConstraints>false</useDomainConstraints>
<use>1</use>
<logicalDatatype>LOGDT025</logicalDatatype>
<dataTypeSize>30</dataTypeSize>
<ownDataTypeParameters>30,,</ownDataTypeParameters>
</Attribute>
<Attribute name="facturaId" id="0E783C05-5964-40C4-EC3E-DC9B596C794B">
<createdBy>kelly</createdBy>
<createdTime>2023-04-11 09:14:42 UTC</createdTime>
<generatorID>07DF6DBC-3621-2242-ADE4-E5DC1E25E0BD</generatorID>
<ownerDesignName>core</ownerDesignName>
<engineerTo>
<item key="209A5F52-6DB6-EF23-351E-C4CC7B7E38DC" value="true"/>
</engineerTo>
<referedAttribute>B7AFF668-2429-9495-71C1-7D881BB5F0C2</referedAttribute>
<useDomainConstraints>false</useDomainConstraints>
<use>1</use>
<logicalDatatype>LOGDT037</logicalDatatype>
<dataTypeSize>34 CHAR</dataTypeSize>
<ownDataTypeParameters>,,</ownDataTypeParameters>
</Attribute>
</attributes>
<identifiers itemClass="oracle.dbtools.crest.model.design.logical.CandidateKey">
<identifier id="7C107913-FF57-A93D-2265-73FAB1E93358" name="HistorialEstante PK">
<createdBy>kelly</createdBy>
<createdTime>2023-03-28 08:30:44 UTC</createdTime>
<ownerDesignName>core</ownerDesignName>
<shouldEngineer>false</shouldEngineer>
<engineerTo>
<item key="209A5F52-6DB6-EF23-351E-C4CC7B7E38DC" value="false"/>
</engineerTo>
<pk>true</pk>
<usedAttributes>
<attributeRef>E8FAAECD-D288-4CD2-CDED-1A94943B42A3</attributeRef>
<attributeRef>5DABE0C1-EDD0-354D-8CC7-93B697873E3F</attributeRef>
<attributeRef>4C1BB08E-171B-9D45-9B71-22004889F40C</attributeRef>
<attributeRef>977A77FA-4FC7-AA0C-F825-6C86255DB3E2</attributeRef>
<attributeRef>0E783C05-5964-40C4-EC3E-DC9B596C794B</attributeRef>
</usedAttributes>
</identifier>
</identifiers>
</Entity>