<?xml version = '1.0' encoding = 'UTF-8'?>
<Entity class="oracle.dbtools.crest.model.design.logical.Entity" directorySegmentName="seg_0" id="F570749C-CC2E-E1A8-8C66-DF74FFBE9944" name="Estanteria ">
<createdBy>kelly</createdBy>
<createdTime>2023-03-28 08:30:01 UTC</createdTime>
<ownerDesignName>azuldi</ownerDesignName>
<engineerTo>
<item key="209A5F52-6DB6-EF23-351E-C4CC7B7E38DC" value="true"/>
</engineerTo>
<adequatelyNormalized>NO</adequatelyNormalized>
<expectedVolumes>0</expectedVolumes>
<fwdEngineeringStrategyName>Single Table</fwdEngineeringStrategyName>
<growthPercent>0</growthPercent>
<growthType>Year</growthType>
<maxVolumes>9999999</maxVolumes>
<minVolumes>0</minVolumes>
<normalForm>Third</normalForm>
<attributes itemClass="oracle.dbtools.crest.model.design.logical.Attribute">
<Attribute name="EstanteriaId" id="26B9C5BD-0943-9CB4-96E3-5FD8A03961DA">
<createdBy>kelly</createdBy>
<createdTime>2023-03-28 08:35:40 UTC</createdTime>
<ownerDesignName>azuldi</ownerDesignName>
<engineerTo>
<item key="209A5F52-6DB6-EF23-351E-C4CC7B7E38DC" value="true"/>
</engineerTo>
<useDomainConstraints>false</useDomainConstraints>
<use>1</use>
<logicalDatatype>LOGDT025</logicalDatatype>
<dataTypeSize>30</dataTypeSize>
<ownDataTypeParameters>30,,</ownDataTypeParameters>
</Attribute>
<Attribute name="Cantidad" id="A222FE56-B347-C116-2F76-08F0619FFC15">
<createdBy>kelly</createdBy>
<createdTime>2023-03-28 08:36:00 UTC</createdTime>
<ownerDesignName>azuldi</ownerDesignName>
<engineerTo>
<item key="209A5F52-6DB6-EF23-351E-C4CC7B7E38DC" value="true"/>
</engineerTo>
<nullsAllowed>true</nullsAllowed>
<useDomainConstraints>false</useDomainConstraints>
<use>1</use>
<logicalDatatype>LOGDT025</logicalDatatype>
<ownDataTypeParameters>,,</ownDataTypeParameters>
</Attribute>
</attributes>
<identifiers itemClass="oracle.dbtools.crest.model.design.logical.CandidateKey">
<identifier id="4C8FED42-FEAE-62EC-D3A2-8AFED876F9C6" name="Estanteria PK">
<createdBy>kelly</createdBy>
<createdTime>2023-03-28 08:35:56 UTC</createdTime>
<ownerDesignName>azuldi</ownerDesignName>
<engineerTo>
<item key="209A5F52-6DB6-EF23-351E-C4CC7B7E38DC" value="true"/>
</engineerTo>
<pk>true</pk>
<usedAttributes>
<attributeRef>26B9C5BD-0943-9CB4-96E3-5FD8A03961DA</attributeRef>
</usedAttributes>
</identifier>
</identifiers>
</Entity>