<?xml version = '1.0' encoding = 'UTF-8'?>
<FKIndexAssociation class="oracle.dbtools.crest.model.design.relational.FKIndexAssociation" directorySegmentName="seg_0" id="0019EFB5-3729-15C6-86CB-9CF3E100C737" containerWithKeyObject="754CC02E-E088-92F6-2EED-78E8A1E073BB" localFKIndex="BF926CEE-332C-1D6B-36F2-6CE8393987F2" name="Productos_Inventario_FK">
<createdBy>kelly</createdBy>
<createdTime>2023-03-28 08:15:02 UTC</createdTime>
<comment><![CDATA[el inventario almacenara las categorias y la cantidad de cada producto ]]></comment>
<generatorID>FEB6B00C-75AF-4E6A-6D85-65B905DB9DED</generatorID>
<ownerDesignName>azuldi</ownerDesignName>
<referredTableLongName>Inventario</referredTableLongName>
<deleteRule>NO ACTION</deleteRule>
<referredTableID>52B2EF78-FC7C-D5A5-401B-6A3FB25ED993</referredTableID>
<keyObject>AF7FE414-C0AD-FD45-DE90-CD0522E599D6</keyObject>
<referredKeyID>AF7FE414-C0AD-FD45-DE90-CD0522E599D6</referredKeyID>
<mandatory>true</mandatory>
<refColNames>ProductoId</refColNames>
<transferable>true</transferable>
<rely>false</rely>
<columnDependencyConstraintGenerateInDDL>true</columnDependencyConstraintGenerateInDDL>
</FKIndexAssociation>