<?xml version = '1.0' encoding = 'UTF-8'?>
<FKIndexAssociation class="oracle.dbtools.crest.model.design.relational.FKIndexAssociation" directorySegmentName="seg_0" id="01211406-0E6E-3FCA-A551-165F1C5E95CD" containerWithKeyObject="98F37AFF-3D5D-2FB1-A32B-2DC168FA2C4A" localFKIndex="D6369DA4-7898-E235-7CD6-5D0D594E72DA" name="Pagoempleados_Empleado_FK">
<createdBy>kelly</createdBy>
<createdTime>2023-03-28 08:15:02 UTC</createdTime>
<comment><![CDATA[los empleados se les pagara por medio del banco ]]></comment>
<generatorID>6D66EF05-F1A1-729B-5BFA-BB94F68CF395</generatorID>
<ownerDesignName>core</ownerDesignName>
<referredTableLongName>Empleado</referredTableLongName>
<deleteRule>NO ACTION</deleteRule>
<referredTableID>F657800A-4A9A-83BE-57CD-5F78C4A59C69</referredTableID>
<keyObject>160001F1-8263-F52C-B2C5-E52E0F9C258D</keyObject>
<referredKeyID>160001F1-8263-F52C-B2C5-E52E0F9C258D</referredKeyID>
<mandatory>false</mandatory>
<refColNames>EmpleadoId</refColNames>
<transferable>true</transferable>
<rely>false</rely>
<columnDependencyConstraintGenerateInDDL>true</columnDependencyConstraintGenerateInDDL>
</FKIndexAssociation>