<?xml version = '1.0' encoding = 'UTF-8'?>
<FKIndexAssociation class="oracle.dbtools.crest.model.design.relational.FKIndexAssociation" directorySegmentName="seg_0" id="06069273-E751-7363-54D8-0866BA3916E5" containerWithKeyObject="37E79240-450A-35D7-DA64-19CCAFB83A1E" localFKIndex="E1B10329-5B71-61BF-753A-D37003C3CA11" name="FacturaProveedores_DetalleFacturaProveedores_FK">
<createdBy>kelly</createdBy>
<createdTime>2023-04-11 01:05:10 UTC</createdTime>
<generatorID>114BED51-C005-9DBC-A324-BA1A250A453C</generatorID>
<ownerDesignName>core</ownerDesignName>
<referredTableLongName>DetalleFacturaProveedores</referredTableLongName>
<deleteRule>NO ACTION</deleteRule>
<referredTableID>0D8912D8-0A39-7C92-3217-B1FCF7B151F8</referredTableID>
<keyObject>EF0B78C1-C691-4B4D-C792-DB23E0E86E75</keyObject>
<referredKeyID>EF0B78C1-C691-4B4D-C792-DB23E0E86E75</referredKeyID>
<mandatory>true</mandatory>
<refColNames>Productos_ProductoId,Productos_Inventario_ProductoId</refColNames>
<transferable>true</transferable>
<rely>false</rely>
<columnDependencyConstraintGenerateInDDL>true</columnDependencyConstraintGenerateInDDL>
</FKIndexAssociation>