<?xml version = '1.0' encoding = 'UTF-8'?>
<FKIndexAssociation class="oracle.dbtools.crest.model.design.relational.FKIndexAssociation" directorySegmentName="seg_0" id="0FA1CAD1-0B60-B3BC-8932-31A4BB8AD4DA" containerWithKeyObject="0D8912D8-0A39-7C92-3217-B1FCF7B151F8" localFKIndex="2C8D42A4-B547-B67E-DFE7-02517044EF9E" name="DetalleFacturaProveedores_Productos_FK">
<createdBy>kelly</createdBy>
<createdTime>2023-04-11 01:05:10 UTC</createdTime>
<generatorID>F4A07DDD-C710-1784-F238-B9121844AF77</generatorID>
<ownerDesignName>core</ownerDesignName>
<referredTableLongName>Productos</referredTableLongName>
<deleteRule>NO ACTION</deleteRule>
<referredTableID>754CC02E-E088-92F6-2EED-78E8A1E073BB</referredTableID>
<keyObject>52768B78-FE8E-C689-EE32-7DFD062E18D0</keyObject>
<referredKeyID>52768B78-FE8E-C689-EE32-7DFD062E18D0</referredKeyID>
<mandatory>true</mandatory>
<refColNames>ProductoId,Inventario_ProductoId</refColNames>
<transferable>true</transferable>
<rely>false</rely>
<columnDependencyConstraintGenerateInDDL>true</columnDependencyConstraintGenerateInDDL>
</FKIndexAssociation>