<?xml version = '1.0' encoding = 'UTF-8'?>
<FKIndexAssociation class="oracle.dbtools.crest.model.design.relational.FKIndexAssociation" directorySegmentName="seg_0" id="2A69F3AC-6BD8-16B5-87C4-BD1CF6964FED" containerWithKeyObject="BCEE7755-8CF4-EDAA-51F5-DA873C9BB408" localFKIndex="D30C1A8E-363D-A9F3-BC72-6FC32B76AF9C" name="Detallefactura_Factura_FK">
<createdBy>kelly</createdBy>
<createdTime>2023-03-28 08:15:02 UTC</createdTime>
<comment><![CDATA[despues de completar el registro de producto y el modo de pago se generara la factura ]]></comment>
<generatorID>98EE4E52-93B1-E67F-FD1C-FA5F0BB172D1</generatorID>
<ownerDesignName>core</ownerDesignName>
<referredTableLongName>Factura</referredTableLongName>
<deleteRule>NO ACTION</deleteRule>
<referredTableID>533F1B5F-4727-17FF-B85E-1CEA19D35918</referredTableID>
<keyObject>3329276A-D61A-09F2-32F5-C51C46F7AB39</keyObject>
<referredKeyID>3329276A-D61A-09F2-32F5-C51C46F7AB39</referredKeyID>
<mandatory>true</mandatory>
<refColNames>facturaId</refColNames>
<transferable>true</transferable>
<rely>false</rely>
<columnDependencyConstraintGenerateInDDL>true</columnDependencyConstraintGenerateInDDL>
</FKIndexAssociation>