<?xml version = '1.0' encoding = 'UTF-8'?>
<FKIndexAssociation class="oracle.dbtools.crest.model.design.relational.FKIndexAssociation" directorySegmentName="seg_0" id="4210E2E7-DA57-5672-EB70-EC98D65185E3" containerWithKeyObject="52B2EF78-FC7C-D5A5-401B-6A3FB25ED993" localFKIndex="74A45605-FA72-0894-26B7-C1CE08C9E73A" name="Inventario_Stock_FK">
<createdBy>kelly</createdBy>
<createdTime>2023-03-28 08:15:02 UTC</createdTime>
<comment><![CDATA[el inventario se actualizara con cada salida o entrada de un stock]]></comment>
<generatorID>4672B355-BF92-569E-9A7B-592F44C03F03</generatorID>
<ownerDesignName>azuldi</ownerDesignName>
<referredTableLongName>Stock</referredTableLongName>
<deleteRule>NO ACTION</deleteRule>
<referredTableID>620F0F59-F29B-DAE4-09E4-DD2C9192AA88</referredTableID>
<keyObject>6E8C21FC-793A-33CE-B8FA-200DF779C9E3</keyObject>
<referredKeyID>6E8C21FC-793A-33CE-B8FA-200DF779C9E3</referredKeyID>
<mandatory>true</mandatory>
<refColNames>Cant_Max,Cant_Min</refColNames>
<transferable>true</transferable>
<rely>false</rely>
<columnDependencyConstraintGenerateInDDL>true</columnDependencyConstraintGenerateInDDL>
</FKIndexAssociation>