<?xml version = '1.0' encoding = 'UTF-8'?>
<FKIndexAssociation class="oracle.dbtools.crest.model.design.relational.FKIndexAssociation" directorySegmentName="seg_0" id="47D3F4C3-15C6-C4D5-20B2-B10234CE7E70" containerWithKeyObject="37E79240-450A-35D7-DA64-19CCAFB83A1E" localFKIndex="DDB47E53-C8B0-87A7-406F-869FB5ADADF4" name="FacturaProveedores_Proveedores_FK">
<createdBy>kelly</createdBy>
<createdTime>2023-03-28 08:15:02 UTC</createdTime>
<comment><![CDATA[la factura se generaran despues de una comprar a un proveedor ]]></comment>
<generatorID>F34DE118-B669-09BB-4FA4-C0261C6EB049</generatorID>
<ownerDesignName>core</ownerDesignName>
<referredTableLongName>Proveedores</referredTableLongName>
<deleteRule>NO ACTION</deleteRule>
<referredTableID>FC4B7C91-011F-7606-D182-EA2B20584759</referredTableID>
<keyObject>2AC935AB-A5DB-90D8-FD97-F5C11CCCDC7E</keyObject>
<referredKeyID>2AC935AB-A5DB-90D8-FD97-F5C11CCCDC7E</referredKeyID>
<mandatory>true</mandatory>
<refColNames>proveedoresid</refColNames>
<transferable>true</transferable>
<rely>false</rely>
<columnDependencyConstraintGenerateInDDL>true</columnDependencyConstraintGenerateInDDL>
</FKIndexAssociation>