<?xml version = '1.0' encoding = 'UTF-8'?>
<FKIndexAssociation class="oracle.dbtools.crest.model.design.relational.FKIndexAssociation" directorySegmentName="seg_0" id="68989E4A-C604-5E11-4151-8A8EA475F5E9" containerWithKeyObject="D730670C-7A7E-2437-75B0-6BE6F72F06FC" localFKIndex="C4209844-F2A0-0D39-028B-43A5998B975E" name="Efectivo_Metodo_pago_FK">
<createdBy>kelly</createdBy>
<createdTime>2023-03-28 08:15:02 UTC</createdTime>
<generatorID>52226778-437B-7780-894D-C9BE52159579</generatorID>
<ownerDesignName>azuldi</ownerDesignName>
<referredTableLongName>Metodo_pago</referredTableLongName>
<arc>8C5CDA1C-B449-71BD-1445-965E5338A0D4</arc>
<deleteRule>NO ACTION</deleteRule>
<referredTableID>F4E38A79-ADB8-1F20-242B-6F3B224583F5</referredTableID>
<keyObject>043E14EB-D466-15BA-1994-EE7A09742AC7</keyObject>
<referredKeyID>043E14EB-D466-15BA-1994-EE7A09742AC7</referredKeyID>
<mandatory>true</mandatory>
<refColNames>Metodo_de_pago_Id</refColNames>
<transferable>true</transferable>
<rely>false</rely>
<columnDependencyConstraintGenerateInDDL>true</columnDependencyConstraintGenerateInDDL>
</FKIndexAssociation>