<?xml version = '1.0' encoding = 'UTF-8'?>
<FKIndexAssociation class="oracle.dbtools.crest.model.design.relational.FKIndexAssociation" directorySegmentName="seg_0" id="8764273E-870D-6D6A-70AC-E04B30C8BF74" containerWithKeyObject="7B8B4381-A1F0-A181-2527-83A3D1382DAB" localFKIndex="95350160-9B50-B975-3BCA-AAAC218749F5" name="Plataforma_Digital_Metodo_pago_FK">
<createdBy>kelly</createdBy>
<createdTime>2023-03-28 08:15:02 UTC</createdTime>
<generatorID>7240DD11-06D5-5696-02CE-145CBAF56753</generatorID>
<ownerDesignName>azuldi</ownerDesignName>
<referredTableLongName>Metodo_pago</referredTableLongName>
<arc>8C5CDA1C-B449-71BD-1445-965E5338A0D4</arc>
<deleteRule>NO ACTION</deleteRule>
<referredTableID>F4E38A79-ADB8-1F20-242B-6F3B224583F5</referredTableID>
<keyObject>043E14EB-D466-15BA-1994-EE7A09742AC7</keyObject>
<referredKeyID>043E14EB-D466-15BA-1994-EE7A09742AC7</referredKeyID>
<mandatory>true</mandatory>
<refColNames>Metodo_de_pago_Id</refColNames>
<transferable>true</transferable>
<rely>false</rely>
<columnDependencyConstraintGenerateInDDL>true</columnDependencyConstraintGenerateInDDL>
</FKIndexAssociation>