<?xml version = '1.0' encoding = 'UTF-8'?>
<FKIndexAssociation class="oracle.dbtools.crest.model.design.relational.FKIndexAssociation" directorySegmentName="seg_0" id="8CFB14C0-07EA-24EF-53AF-6CED8935F4D4" containerWithKeyObject="5CA2AAF0-5931-D602-DCE4-72B6E9A826FD" localFKIndex="E2EC01C9-ACB4-49E0-F5E8-5AAE84FFFC7B" name="bodega_Stock_FK">
<createdBy>kelly</createdBy>
<createdTime>2023-03-28 08:15:02 UTC</createdTime>
<comment><![CDATA[la bodega digitalozara las entradas de los productos y visualizara las salidas de este ]]></comment>
<generatorID>448BBB5B-98B9-08A9-0622-0976125EF3A2</generatorID>
<ownerDesignName>azuldi</ownerDesignName>
<referredTableLongName>Stock</referredTableLongName>
<deleteRule>NO ACTION</deleteRule>
<referredTableID>620F0F59-F29B-DAE4-09E4-DD2C9192AA88</referredTableID>
<keyObject>6E8C21FC-793A-33CE-B8FA-200DF779C9E3</keyObject>
<referredKeyID>6E8C21FC-793A-33CE-B8FA-200DF779C9E3</referredKeyID>
<mandatory>true</mandatory>
<refColNames>Cant_Max,Cant_Min</refColNames>
<transferable>true</transferable>
<rely>false</rely>
<columnDependencyConstraintGenerateInDDL>true</columnDependencyConstraintGenerateInDDL>
</FKIndexAssociation>