<?xml version = '1.0' encoding = 'UTF-8'?>
<FKIndexAssociation class="oracle.dbtools.crest.model.design.relational.FKIndexAssociation" directorySegmentName="seg_0" id="8D035BCE-BFC6-25EB-8504-B9B6D96B0530" containerWithKeyObject="6D94705E-341F-06EA-90E2-4BC7865F596E" localFKIndex="E31A8FE4-07EB-2DB8-CB57-8BD56987FCA3" name="Estante_Estanteria_FK">
<createdBy>kelly</createdBy>
<createdTime>2023-03-28 08:46:56 UTC</createdTime>
<comment><![CDATA[cada estante tiene que tener su estanteria las cuales van a ir los productos ]]></comment>
<generatorID>E2303D3B-D080-E41E-2026-D4882CEF8D77</generatorID>
<ownerDesignName>azuldi</ownerDesignName>
<referredTableLongName>Estanteria</referredTableLongName>
<deleteRule>NO ACTION</deleteRule>
<referredTableID>B3BE8C26-63C8-200B-CA9C-EBE0B7D9354B</referredTableID>
<keyObject>16FC6C6B-C31B-99CB-3A46-7B8F4D153293</keyObject>
<referredKeyID>16FC6C6B-C31B-99CB-3A46-7B8F4D153293</referredKeyID>
<mandatory>true</mandatory>
<refColNames>EstanteriaId</refColNames>
<transferable>true</transferable>
<rely>false</rely>
<columnDependencyConstraintGenerateInDDL>true</columnDependencyConstraintGenerateInDDL>
</FKIndexAssociation>