<?xml version = '1.0' encoding = 'UTF-8'?>
<FKIndexAssociation class="oracle.dbtools.crest.model.design.relational.FKIndexAssociation" directorySegmentName="seg_0" id="9C6E804E-00B5-B136-C9AA-B1C1E8D237CF" containerWithKeyObject="754CC02E-E088-92F6-2EED-78E8A1E073BB" localFKIndex="4C754057-76C3-3E28-5F66-65A7B2AA0D9E" name="Productos_Proveedores_FK">
<createdBy>kelly</createdBy>
<createdTime>2023-03-28 08:15:02 UTC</createdTime>
<comment><![CDATA[cada producto vendra de distintos o muchos proveedores]]></comment>
<generatorID>0BE8426D-8925-A5EF-D08B-E97EBE4B9804</generatorID>
<ownerDesignName>core</ownerDesignName>
<referredTableLongName>Proveedores</referredTableLongName>
<deleteRule>NO ACTION</deleteRule>
<referredTableID>FC4B7C91-011F-7606-D182-EA2B20584759</referredTableID>
<keyObject>2AC935AB-A5DB-90D8-FD97-F5C11CCCDC7E</keyObject>
<referredKeyID>2AC935AB-A5DB-90D8-FD97-F5C11CCCDC7E</referredKeyID>
<mandatory>true</mandatory>
<refColNames>proveedoresid</refColNames>
<transferable>true</transferable>
<rely>false</rely>
<columnDependencyConstraintGenerateInDDL>true</columnDependencyConstraintGenerateInDDL>
</FKIndexAssociation>