<?xml version = '1.0' encoding = 'UTF-8'?>
<FKIndexAssociation class="oracle.dbtools.crest.model.design.relational.FKIndexAssociation" directorySegmentName="seg_0" id="9E3A6F1D-D9BB-B527-54F3-F891653D218B" containerWithKeyObject="533F1B5F-4727-17FF-B85E-1CEA19D35918" localFKIndex="44121700-02A7-7639-B248-337286BE4C5A" name="Factura_Cliente_FK">
<createdBy>kelly</createdBy>
<createdTime>2023-03-28 08:15:02 UTC</createdTime>
<comment><![CDATA[ los clientes se les generara un factura de sus productos  seleccionados]]></comment>
<generatorID>D3146009-0F4D-7FF5-2649-F62EDFBEE1B4</generatorID>
<ownerDesignName>azuldi</ownerDesignName>
<referredTableLongName>Cliente</referredTableLongName>
<deleteRule>NO ACTION</deleteRule>
<referredTableID>DE574F6D-FAFB-1B8E-B666-D23CFD8C4B30</referredTableID>
<keyObject>898C41CD-0FD5-288E-C6BE-4976FFD2C24B</keyObject>
<referredKeyID>898C41CD-0FD5-288E-C6BE-4976FFD2C24B</referredKeyID>
<mandatory>true</mandatory>
<refColNames>ClienteId</refColNames>
<transferable>true</transferable>
<rely>false</rely>
<columnDependencyConstraintGenerateInDDL>true</columnDependencyConstraintGenerateInDDL>
</FKIndexAssociation>