<?xml version = '1.0' encoding = 'UTF-8'?>
<FKIndexAssociation class="oracle.dbtools.crest.model.design.relational.FKIndexAssociation" directorySegmentName="seg_0" id="9EE21AB0-73F9-D0EC-87E6-FEB96FE07E85" containerWithKeyObject="A123FAB1-424A-43F0-69F3-919DD3B2E4DB" localFKIndex="62DF62E8-27DB-BF4B-0031-FF26FCC9F332" name="HistorialEstante_Factura_FK">
<createdBy>kelly</createdBy>
<createdTime>2023-03-28 08:46:56 UTC</createdTime>
<comment><![CDATA[la factura enviara al sistema los producto que fueron sacados del estante y guarada esto en el hostorial del estante ]]></comment>
<generatorID>07DF6DBC-3621-2242-ADE4-E5DC1E25E0BD</generatorID>
<ownerDesignName>azuldi</ownerDesignName>
<referredTableLongName>Factura</referredTableLongName>
<deleteRule>NO ACTION</deleteRule>
<referredTableID>533F1B5F-4727-17FF-B85E-1CEA19D35918</referredTableID>
<keyObject>3329276A-D61A-09F2-32F5-C51C46F7AB39</keyObject>
<referredKeyID>3329276A-D61A-09F2-32F5-C51C46F7AB39</referredKeyID>
<mandatory>true</mandatory>
<refColNames>facturaId</refColNames>
<transferable>true</transferable>
<rely>false</rely>
<columnDependencyConstraintGenerateInDDL>true</columnDependencyConstraintGenerateInDDL>
</FKIndexAssociation>