<?xml version = '1.0' encoding = 'UTF-8'?>
<FKIndexAssociation class="oracle.dbtools.crest.model.design.relational.FKIndexAssociation" directorySegmentName="seg_0" id="A2966FDA-3554-BF95-C4A8-C4555F5BE527" containerWithKeyObject="F4E38A79-ADB8-1F20-242B-6F3B224583F5" localFKIndex="F91C67EE-9AB2-51F4-2C5C-95DAB65806C9" name="Metodo_pago_Factura_FK">
<createdBy>kelly</createdBy>
<createdTime>2023-03-28 08:15:02 UTC</createdTime>
<comment><![CDATA[antes de generara la factura se eligira un metodo de pago ya se efectivo o digital]]></comment>
<generatorID>C2549902-CC27-F6F7-A12E-494C4FF5EBD3</generatorID>
<ownerDesignName>azuldi</ownerDesignName>
<referredTableLongName>Factura</referredTableLongName>
<deleteRule>NO ACTION</deleteRule>
<referredTableID>533F1B5F-4727-17FF-B85E-1CEA19D35918</referredTableID>
<keyObject>3329276A-D61A-09F2-32F5-C51C46F7AB39</keyObject>
<referredKeyID>3329276A-D61A-09F2-32F5-C51C46F7AB39</referredKeyID>
<mandatory>true</mandatory>
<refColNames>facturaId</refColNames>
<transferable>true</transferable>
<rely>false</rely>
<columnDependencyConstraintGenerateInDDL>true</columnDependencyConstraintGenerateInDDL>
</FKIndexAssociation>