<?xml version = '1.0' encoding = 'UTF-8'?>
<FKIndexAssociation class="oracle.dbtools.crest.model.design.relational.FKIndexAssociation" directorySegmentName="seg_0" id="CA08C444-5D81-AD36-8957-B3F461500630" containerWithKeyObject="BCEE7755-8CF4-EDAA-51F5-DA873C9BB408" localFKIndex="D754E750-A34F-27E3-7061-0F2F1276EE1E" name="Detallefactura_Productos_FK">
<createdBy>kelly</createdBy>
<createdTime>2023-03-28 08:15:02 UTC</createdTime>
<comment><![CDATA[se generar un detalle antes de la factura para poder eliminar o agregar productos ]]></comment>
<generatorID>CD894CB1-25A8-6D8C-C51B-8ED65FB59A94</generatorID>
<ownerDesignName>core</ownerDesignName>
<referredTableLongName>Productos</referredTableLongName>
<deleteRule>NO ACTION</deleteRule>
<referredTableID>754CC02E-E088-92F6-2EED-78E8A1E073BB</referredTableID>
<keyObject>52768B78-FE8E-C689-EE32-7DFD062E18D0</keyObject>
<referredKeyID>52768B78-FE8E-C689-EE32-7DFD062E18D0</referredKeyID>
<mandatory>true</mandatory>
<refColNames>ProductoId,Inventario_ProductoId</refColNames>
<transferable>true</transferable>
<rely>false</rely>
<columnDependencyConstraintGenerateInDDL>true</columnDependencyConstraintGenerateInDDL>
</FKIndexAssociation>