<?xml version = '1.0' encoding = 'UTF-8'?>
<FKIndexAssociation class="oracle.dbtools.crest.model.design.relational.FKIndexAssociation" directorySegmentName="seg_0" id="D2889DAB-6CFA-C987-4F9F-5ED4D29B1BDF" containerWithKeyObject="F657800A-4A9A-83BE-57CD-5F78C4A59C69" localFKIndex="F3E14A97-6F38-ED39-07F2-9EEA4C2E598C" name="Empleado_Factura_FK">
<createdBy>kelly</createdBy>
<createdTime>2023-03-28 08:15:02 UTC</createdTime>
<generatorID>88FDCB78-6B54-BF6F-6FEC-2182A60965EB</generatorID>
<ownerDesignName>azuldi</ownerDesignName>
<referredTableLongName>Factura</referredTableLongName>
<deleteRule>NO ACTION</deleteRule>
<referredTableID>533F1B5F-4727-17FF-B85E-1CEA19D35918</referredTableID>
<keyObject>3329276A-D61A-09F2-32F5-C51C46F7AB39</keyObject>
<referredKeyID>3329276A-D61A-09F2-32F5-C51C46F7AB39</referredKeyID>
<mandatory>true</mandatory>
<refColNames>facturaId</refColNames>
<transferable>true</transferable>
<rely>false</rely>
<columnDependencyConstraintGenerateInDDL>true</columnDependencyConstraintGenerateInDDL>
</FKIndexAssociation>