<?xml version = '1.0' encoding = 'UTF-8'?>
<FKIndexAssociation class="oracle.dbtools.crest.model.design.relational.FKIndexAssociation" directorySegmentName="seg_0" id="D2FB8A7E-6487-EEAB-B39E-A6265C3DCB5E" containerWithKeyObject="A123FAB1-424A-43F0-69F3-919DD3B2E4DB" localFKIndex="93291E2E-5DB6-45F2-D2EE-67983B0CD296" name="HistorialEstante_Estante_FK">
<createdBy>kelly</createdBy>
<createdTime>2023-03-28 08:46:56 UTC</createdTime>
<comment><![CDATA[cada estante tiene que tener un historial]]></comment>
<generatorID>2BBA7DE9-C691-ED35-0BFB-B678E1191EFE</generatorID>
<ownerDesignName>azuldi</ownerDesignName>
<referredTableLongName>Estante</referredTableLongName>
<deleteRule>NO ACTION</deleteRule>
<referredTableID>6D94705E-341F-06EA-90E2-4BC7865F596E</referredTableID>
<keyObject>4EA36A69-B5AC-2955-B20B-74F9CBE0B828</keyObject>
<referredKeyID>4EA36A69-B5AC-2955-B20B-74F9CBE0B828</referredKeyID>
<mandatory>true</mandatory>
<refColNames>EstanteId,Estanteria_EstanteriaId</refColNames>
<transferable>true</transferable>
<rely>false</rely>
<columnDependencyConstraintGenerateInDDL>true</columnDependencyConstraintGenerateInDDL>
</FKIndexAssociation>