<?xml version = '1.0' encoding = 'UTF-8'?>
<FKIndexAssociation class="oracle.dbtools.crest.model.design.relational.FKIndexAssociation" directorySegmentName="seg_0" id="D7392DBE-7EF3-5D07-6A3C-007E187576C3" containerWithKeyObject="F48155E5-8470-49A3-F975-798F276C7092" localFKIndex="B76634FB-D20E-7E21-FC2C-1A1C60D89BF0" name="DatosContac_Emple_Empleado_FK">
<createdBy>kelly</createdBy>
<createdTime>2023-03-28 08:15:02 UTC</createdTime>
<comment><![CDATA[cada empleado tiene que tener unos datos al igual que unos contactos ]]></comment>
<generatorID>B2982068-6D67-8FE2-FDF1-346A01CFADAC</generatorID>
<ownerDesignName>core</ownerDesignName>
<referredTableLongName>Empleado</referredTableLongName>
<deleteRule>NO ACTION</deleteRule>
<referredTableID>F657800A-4A9A-83BE-57CD-5F78C4A59C69</referredTableID>
<keyObject>160001F1-8263-F52C-B2C5-E52E0F9C258D</keyObject>
<referredKeyID>160001F1-8263-F52C-B2C5-E52E0F9C258D</referredKeyID>
<mandatory>true</mandatory>
<refColNames>EmpleadoId</refColNames>
<transferable>false</transferable>
<rely>false</rely>
<columnDependencyConstraintGenerateInDDL>true</columnDependencyConstraintGenerateInDDL>
</FKIndexAssociation>