<?xml version = '1.0' encoding = 'UTF-8'?>
<FKIndexAssociation class="oracle.dbtools.crest.model.design.relational.FKIndexAssociation" directorySegmentName="seg_0" id="E4B40D2D-CEDC-6E1F-610E-0BF04D2E9E98" containerWithKeyObject="37E79240-450A-35D7-DA64-19CCAFB83A1E" localFKIndex="F7378CE2-0E2E-BDD9-EC56-BC49EEC0BC36" name="Factura_Proveedores_Productos_FK">
<createdBy>kelly</createdBy>
<createdTime>2023-03-28 08:15:02 UTC</createdTime>
<comment><![CDATA[se le generara una factura al proveedor donde estaran los productos que han sido solicitados  por bodega al proveedor ]]></comment>
<generatorID>39D0BE0E-378F-E74F-A77B-CE428772665B</generatorID>
<ownerDesignName>azuldi</ownerDesignName>
<referredTableLongName>Productos</referredTableLongName>
<deleteRule>NO ACTION</deleteRule>
<referredTableID>754CC02E-E088-92F6-2EED-78E8A1E073BB</referredTableID>
<keyObject>52768B78-FE8E-C689-EE32-7DFD062E18D0</keyObject>
<referredKeyID>52768B78-FE8E-C689-EE32-7DFD062E18D0</referredKeyID>
<mandatory>true</mandatory>
<refColNames>ProductoId,Inventario_ProductoId</refColNames>
<transferable>true</transferable>
<rely>false</rely>
<columnDependencyConstraintGenerateInDDL>true</columnDependencyConstraintGenerateInDDL>
</FKIndexAssociation>