<?xml version = '1.0' encoding = 'UTF-8'?>
<Diagram class="oracle.dbtools.crest.swingui.logical.DPVLogical" name="Logical" id="4090C321-8E76-C9DF-3B3E-25B5D83B9031">
<createdBy>Ambiente</createdBy>
<modifiedBy>Ambiente</modifiedBy>
<createdTime>2023-02-27 21:24:14 UTC</createdTime>
<autoRoute>false</autoRoute>
<boxInbox>true</boxInbox>
<showLegend>false</showLegend>
<showLabels>false</showLabels>
<showRelAttributes>false</showRelAttributes>
<gridEnabled>false</gridEnabled>
<showGrid>false</showGrid>
<diagramColor>-1</diagramColor>
<display>false</display>
<notation>1</notation>
<objectViews>
<OView class="oracle.dbtools.crest.swingui.logical.TVEntity" oid="1E9D4733-7E5F-9A1C-9224-BFDB58670200" otype="Entity" vid="CF513215-3045-4F7A-8F7E-E06305C1A527">
<hideElementsInCurrentOnly>false</hideElementsInCurrentOnly>
<bounds x="194" y="534" width="170" height="95"/>
</OView>
<OView class="oracle.dbtools.crest.swingui.logical.TVEntity" oid="345D6907-DD68-1854-91E3-3AA70F65DD27" otype="Entity" vid="F1AEC46E-F96F-F744-C6D7-9391FD72EC2C">
<hideElementsInCurrentOnly>false</hideElementsInCurrentOnly>
<bounds x="409" y="449" width="330" height="173"/>
</OView>
<OView class="oracle.dbtools.crest.swingui.logical.TVEntity" oid="3887F0D9-EBF0-9144-432D-9F6EFB5FFF99" otype="Entity" vid="71097DCE-180E-54F2-D7ED-42AF1D23832F">
<hideElementsInCurrentOnly>false</hideElementsInCurrentOnly>
<bounds x="1472" y="273" width="170" height="110"/>
</OView>
<OView class="oracle.dbtools.crest.swingui.logical.TVEntity" oid="4CDD1C41-0F59-CF5B-4B9E-88D8C1D675FF" otype="Entity" vid="D1390E1F-E333-1179-1F35-3E8400791F3C">
<hideElementsInCurrentOnly>false</hideElementsInCurrentOnly>
<bounds x="55" y="36" width="238" height="162"/>
</OView>
<OView class="oracle.dbtools.crest.swingui.logical.TVEntity" oid="4F7C0631-45DB-446E-0A70-D378E7A90709" otype="Entity" vid="ECC9BEB9-6751-360F-2275-67124B6FE8AF">
<hideElementsInCurrentOnly>false</hideElementsInCurrentOnly>
<bounds x="1151" y="119" width="184" height="97"/>
</OView>
<OView class="oracle.dbtools.crest.swingui.logical.TVEntity" oid="50492369-604C-B082-CBBE-8614B502E5F5" otype="Entity" vid="9890F0B8-40BB-5F22-E598-227F4613261D">
<hideElementsInCurrentOnly>false</hideElementsInCurrentOnly>
<bounds x="606" y="19" width="169" height="105"/>
</OView>
<OView class="oracle.dbtools.crest.swingui.logical.TVEntity" oid="65744072-5C43-265E-B18A-C0870F523D86" otype="Entity" vid="0090F44A-1923-D4DA-B9C0-E70801BCED9B">
<hideElementsInCurrentOnly>false</hideElementsInCurrentOnly>
<bounds x="846" y="599" width="170" height="110"/>
</OView>
<OView class="oracle.dbtools.crest.swingui.logical.TVEntity" oid="7358D05D-F2CA-8CCF-DE06-FB1CAB4AADA1" otype="Entity" vid="EFE4CFB5-F855-1238-A022-5009A6FD1236">
<hideElementsInCurrentOnly>false</hideElementsInCurrentOnly>
<bounds x="1441" y="0" width="178" height="186"/>
</OView>
<OView class="oracle.dbtools.crest.swingui.logical.TVEntity" oid="7A6ECA47-C32A-DE18-D873-FBE796789A23" otype="Entity" vid="E079B4AE-9A5B-C44B-7FA4-7A74FB759BED">
<hideElementsInCurrentOnly>false</hideElementsInCurrentOnly>
<bounds x="43" y="291" width="216" height="131"/>
</OView>
<OView class="oracle.dbtools.crest.swingui.logical.TVEntity" oid="817026DA-3854-6D01-CC9F-7E1A04F031CB" otype="Entity" vid="EE65E003-EA05-C49A-B713-4CFFB0D88166">
<hideElementsInCurrentOnly>false</hideElementsInCurrentOnly>
<bounds x="862" y="0" width="170" height="130"/>
</OView>
<OView class="oracle.dbtools.crest.swingui.logical.TVEntity" oid="84F5DFE5-06FB-76D4-425F-4EC4C1541978" otype="Entity" vid="C37DEEE4-7EF9-54A8-227A-57B30BB6A656">
<hideElementsInCurrentOnly>false</hideElementsInCurrentOnly>
<bounds x="572" y="188" width="202" height="164"/>
</OView>
<OView class="oracle.dbtools.crest.swingui.logical.TVEntity" oid="86733597-862C-5F09-83DD-5DEE250CDD3D" otype="Entity" vid="4E7B83E3-221C-4011-FD94-73276705E753">
<hideElementsInCurrentOnly>false</hideElementsInCurrentOnly>
<bounds x="1196" y="439" width="193" height="121"/>
</OView>
<OView class="oracle.dbtools.crest.swingui.logical.TVEntity" oid="8DB4FCE9-59EA-9832-3569-FD57D030A0DC" otype="Entity" vid="B46A621F-78DC-110F-6862-113D6BA34FF8">
<hideElementsInCurrentOnly>false</hideElementsInCurrentOnly>
<bounds x="421" y="514" width="150" height="90"/>
</OView>
<OView class="oracle.dbtools.crest.swingui.logical.TVEntity" oid="9A26A9CB-5DAA-D1A3-2A51-6B565C5DCA21" otype="Entity" vid="9D791B6D-3DB9-CF63-3F10-DE11A23D1775">
<hideElementsInCurrentOnly>false</hideElementsInCurrentOnly>
<bounds x="582" y="517" width="140" height="95"/>
</OView>
<OView class="oracle.dbtools.crest.swingui.logical.TVEntity" oid="A5D4E982-B8C6-C5C3-6AB8-2117E44EC5BE" otype="Entity" vid="694DEE74-96E6-9057-4F04-2CEA302F8A87">
<hideElementsInCurrentOnly>false</hideElementsInCurrentOnly>
<bounds x="991" y="293" width="166" height="101"/>
</OView>
<OView class="oracle.dbtools.crest.swingui.logical.TVEntity" oid="C23408B7-E598-0AD8-7506-AF7CCAD8B36D" otype="Entity" vid="6DCDD223-D6D5-A9F3-213F-3983043DB7FA">
<hideElementsInCurrentOnly>false</hideElementsInCurrentOnly>
<bounds x="1482" y="553" width="170" height="110"/>
</OView>
<OView class="oracle.dbtools.crest.swingui.logical.TVEntity" oid="D1ED697B-8BAD-007D-A4CF-3B893E7FC010" otype="Entity" vid="667D73DD-A4CA-5B93-BB09-7C82F6BFBF2D">
<hideElementsInCurrentOnly>false</hideElementsInCurrentOnly>
<bounds x="0" y="529" width="170" height="110"/>
</OView>
<OView class="oracle.dbtools.crest.swingui.logical.TVEntity" oid="F1D611F3-4AFD-86B4-47CB-DFC79F464895" otype="Entity" vid="65481D4F-0738-2B06-AE24-A75F72F88656">
<hideElementsInCurrentOnly>false</hideElementsInCurrentOnly>
<bounds x="840" y="435" width="170" height="110"/>
</OView>
<OView class="oracle.dbtools.crest.swingui.logical.TVEntity" oid="F570749C-CC2E-E1A8-8C66-DF74FFBE9944" otype="Entity" vid="558896FE-40C0-03B4-D288-879F908B6458">
<hideElementsInCurrentOnly>false</hideElementsInCurrentOnly>
<bounds x="856" y="759" width="170" height="110"/>
</OView>
</objectViews>
<connectors>
<Connector class="oracle.dbtools.crest.swingui.logical.TVRelation" oid="07DF6DBC-3621-2242-ADE4-E5DC1E25E0BD" otype="Relation" vid_source="C37DEEE4-7EF9-54A8-227A-57B30BB6A656" vid_target="65481D4F-0738-2B06-AE24-A75F72F88656">
<hideElementsInCurrentOnly>false</hideElementsInCurrentOnly>
<backgroundColor>-16777216</backgroundColor>
<lineWidth>1</lineWidth>
<points>
<point x="766" y="352"/>
<point x="862" y="435"/>
</points>
</Connector>
<Connector class="oracle.dbtools.crest.swingui.logical.TVRelation" oid="0BE8426D-8925-A5EF-D08B-E97EBE4B9804" otype="Relation" vid_source="EE65E003-EA05-C49A-B713-4CFFB0D88166" vid_target="694DEE74-96E6-9057-4F04-2CEA302F8A87">
<hideElementsInCurrentOnly>false</hideElementsInCurrentOnly>
<backgroundColor>-16777216</backgroundColor>
<lineWidth>1</lineWidth>
<points>
<point x="1026" y="130"/>
<point x="1026" y="293"/>
</points>
</Connector>
<Connector class="oracle.dbtools.crest.swingui.logical.TVRelation" oid="114BED51-C005-9DBC-A324-BA1A250A453C" otype="Relation" vid_source="ECC9BEB9-6751-360F-2275-67124B6FE8AF" vid_target="EFE4CFB5-F855-1238-A022-5009A6FD1236">
<hideElementsInCurrentOnly>false</hideElementsInCurrentOnly>
<backgroundColor>-16777216</backgroundColor>
<lineWidth>1</lineWidth>
<points>
<point x="1335" y="152"/>
<point x="1441" y="152"/>
</points>
</Connector>
<Connector class="oracle.dbtools.crest.swingui.logical.TVRelation" oid="2BBA7DE9-C691-ED35-0BFB-B678E1191EFE" otype="Relation" vid_source="0090F44A-1923-D4DA-B9C0-E70801BCED9B" vid_target="65481D4F-0738-2B06-AE24-A75F72F88656">
<hideElementsInCurrentOnly>false</hideElementsInCurrentOnly>
<backgroundColor>-16777216</backgroundColor>
<lineWidth>1</lineWidth>
<points>
<point x="928" y="599"/>
<point x="928" y="545"/>
</points>
</Connector>
<Connector class="oracle.dbtools.crest.swingui.logical.TVRelation" oid="448BBB5B-98B9-08A9-0622-0976125EF3A2" otype="Relation" vid_source="71097DCE-180E-54F2-D7ED-42AF1D23832F" vid_target="6DCDD223-D6D5-A9F3-213F-3983043DB7FA">
<hideElementsInCurrentOnly>false</hideElementsInCurrentOnly>
<backgroundColor>-16777216</backgroundColor>
<lineWidth>1</lineWidth>
<points>
<point x="1562" y="383"/>
<point x="1562" y="553"/>
</points>
</Connector>
<Connector class="oracle.dbtools.crest.swingui.logical.TVRelation" oid="4672B355-BF92-569E-9A7B-592F44C03F03" otype="Relation" vid_source="4E7B83E3-221C-4011-FD94-73276705E753" vid_target="6DCDD223-D6D5-A9F3-213F-3983043DB7FA">
<hideElementsInCurrentOnly>false</hideElementsInCurrentOnly>
<backgroundColor>-16777216</backgroundColor>
<lineWidth>1</lineWidth>
<points>
<point x="1389" y="556"/>
<point x="1482" y="556"/>
</points>
</Connector>
<Connector class="oracle.dbtools.crest.swingui.logical.TVInheritanceRelation" oid="52226778-437B-7780-894D-C9BE52159579" otype="Hierarchy relation" vid_source="F1AEC46E-F96F-F744-C6D7-9391FD72EC2C" vid_target="B46A621F-78DC-110F-6862-113D6BA34FF8">
<hideElementsInCurrentOnly>false</hideElementsInCurrentOnly>
<backgroundColor>-65536</backgroundColor>
<lineWidth>1</lineWidth>
</Connector>
<Connector class="oracle.dbtools.crest.swingui.logical.TVRelation" oid="6D66EF05-F1A1-729B-5BFA-BB94F68CF395" otype="Relation" vid_source="E079B4AE-9A5B-C44B-7FA4-7A74FB759BED" vid_target="667D73DD-A4CA-5B93-BB09-7C82F6BFBF2D">
<hideElementsInCurrentOnly>false</hideElementsInCurrentOnly>
<backgroundColor>-16777216</backgroundColor>
<lineWidth>1</lineWidth>
<points>
<point x="106" y="422"/>
<point x="106" y="529"/>
</points>
</Connector>
<Connector class="oracle.dbtools.crest.swingui.logical.TVInheritanceRelation" oid="7240DD11-06D5-5696-02CE-145CBAF56753" otype="Hierarchy relation" vid_source="F1AEC46E-F96F-F744-C6D7-9391FD72EC2C" vid_target="9D791B6D-3DB9-CF63-3F10-DE11A23D1775">
<hideElementsInCurrentOnly>false</hideElementsInCurrentOnly>
<backgroundColor>-65536</backgroundColor>
<lineWidth>1</lineWidth>
</Connector>
<Connector class="oracle.dbtools.crest.swingui.logical.TVRelation" oid="88FDCB78-6B54-BF6F-6FEC-2182A60965EB" otype="Relation" vid_source="C37DEEE4-7EF9-54A8-227A-57B30BB6A656" vid_target="E079B4AE-9A5B-C44B-7FA4-7A74FB759BED">
<hideElementsInCurrentOnly>false</hideElementsInCurrentOnly>
<backgroundColor>-16777216</backgroundColor>
<lineWidth>1</lineWidth>
<points>
<point x="572" y="336"/>
<point x="259" y="336"/>
</points>
</Connector>
<Connector class="oracle.dbtools.crest.swingui.logical.TVRelation" oid="98EE4E52-93B1-E67F-FD1C-FA5F0BB172D1" otype="Relation" vid_source="C37DEEE4-7EF9-54A8-227A-57B30BB6A656" vid_target="9890F0B8-40BB-5F22-E598-227F4613261D">
<hideElementsInCurrentOnly>false</hideElementsInCurrentOnly>
<backgroundColor>-16777216</backgroundColor>
<lineWidth>1</lineWidth>
<points>
<point x="690" y="188"/>
<point x="690" y="124"/>
</points>
</Connector>
<Connector class="oracle.dbtools.crest.swingui.logical.TVRelation" oid="B2982068-6D67-8FE2-FDF1-346A01CFADAC" otype="Relation" vid_source="E079B4AE-9A5B-C44B-7FA4-7A74FB759BED" vid_target="CF513215-3045-4F7A-8F7E-E06305C1A527">
<hideElementsInCurrentOnly>false</hideElementsInCurrentOnly>
<backgroundColor>-16777216</backgroundColor>
<lineWidth>1</lineWidth>
<points>
<point x="226" y="422"/>
<point x="226" y="534"/>
</points>
</Connector>
<Connector class="oracle.dbtools.crest.swingui.logical.TVRelation" oid="C2549902-CC27-F6F7-A12E-494C4FF5EBD3" otype="Relation" vid_source="C37DEEE4-7EF9-54A8-227A-57B30BB6A656" vid_target="F1AEC46E-F96F-F744-C6D7-9391FD72EC2C">
<hideElementsInCurrentOnly>false</hideElementsInCurrentOnly>
<backgroundColor>-16777216</backgroundColor>
<lineWidth>1</lineWidth>
<points>
<point x="655" y="352"/>
<point x="655" y="449"/>
</points>
</Connector>
<Connector class="oracle.dbtools.crest.swingui.logical.TVRelation" oid="CD894CB1-25A8-6D8C-C51B-8ED65FB59A94" otype="Relation" vid_source="694DEE74-96E6-9057-4F04-2CEA302F8A87" vid_target="9890F0B8-40BB-5F22-E598-227F4613261D">
<hideElementsInCurrentOnly>false</hideElementsInCurrentOnly>
<backgroundColor>-16777216</backgroundColor>
<lineWidth>1</lineWidth>
<points>
<point x="1002" y="293"/>
<point x="764" y="124"/>
</points>
</Connector>
<Connector class="oracle.dbtools.crest.swingui.logical.TVRelation" oid="D3146009-0F4D-7FF5-2649-F62EDFBEE1B4" otype="Relation" vid_source="D1390E1F-E333-1179-1F35-3E8400791F3C" vid_target="C37DEEE4-7EF9-54A8-227A-57B30BB6A656">
<hideElementsInCurrentOnly>false</hideElementsInCurrentOnly>
<backgroundColor>-16777216</backgroundColor>
<lineWidth>1</lineWidth>
<points>
<point x="293" y="193"/>
<point x="572" y="193"/>
</points>
</Connector>
<Connector class="oracle.dbtools.crest.swingui.logical.TVRelation" oid="E2303D3B-D080-E41E-2026-D4882CEF8D77" otype="Relation" vid_source="558896FE-40C0-03B4-D288-879F908B6458" vid_target="0090F44A-1923-D4DA-B9C0-E70801BCED9B">
<hideElementsInCurrentOnly>false</hideElementsInCurrentOnly>
<backgroundColor>-16777216</backgroundColor>
<lineWidth>1</lineWidth>
<points>
<point x="936" y="759"/>
<point x="936" y="709"/>
</points>
</Connector>
<Connector class="oracle.dbtools.crest.swingui.logical.TVRelation" oid="F34DE118-B669-09BB-4FA4-C0261C6EB049" otype="Relation" vid_source="EE65E003-EA05-C49A-B713-4CFFB0D88166" vid_target="EFE4CFB5-F855-1238-A022-5009A6FD1236">
<hideElementsInCurrentOnly>false</hideElementsInCurrentOnly>
<backgroundColor>-16777216</backgroundColor>
<lineWidth>1</lineWidth>
<points>
<point x="1032" y="65"/>
<point x="1441" y="65"/>
</points>
</Connector>
<Connector class="oracle.dbtools.crest.swingui.logical.TVRelation" oid="F4A07DDD-C710-1784-F238-B9121844AF77" otype="Relation" vid_source="694DEE74-96E6-9057-4F04-2CEA302F8A87" vid_target="ECC9BEB9-6751-360F-2275-67124B6FE8AF">
<hideElementsInCurrentOnly>false</hideElementsInCurrentOnly>
<backgroundColor>-16777216</backgroundColor>
<lineWidth>1</lineWidth>
<points>
<point x="1154" y="293"/>
<point x="1154" y="216"/>
</points>
</Connector>
<Connector class="oracle.dbtools.crest.swingui.logical.TVRelation" oid="FEB6B00C-75AF-4E6A-6D85-65B905DB9DED" otype="Relation" vid_source="4E7B83E3-221C-4011-FD94-73276705E753" vid_target="694DEE74-96E6-9057-4F04-2CEA302F8A87">
<hideElementsInCurrentOnly>false</hideElementsInCurrentOnly>
<backgroundColor>-16777216</backgroundColor>
<lineWidth>1</lineWidth>
<points>
<point x="1207" y="439"/>
<point x="1144" y="394"/>
</points>
</Connector>
</connectors>
</Diagram>